Index,data_point_name,99acres,C1,C2,C3
393708,Amenities - List,"11:Swimming Pool,13:Gymnasium,1:Club House,141:Mini Theatre,10:Children's Play Area,3:Theatre,17:Park,77:Jogging Track,4:Yoga/Meditation Area,8:Shopping Centre,50:Bowling Alley,80:Library,52:Business Lounge,7:Conference Room,9:Multipurpose court,99:Sun Deck,85:Party Lawn,131:Theater Home,53:Card Room,139:Indoor Games,76:Jacuzzi,93:Sauna,109:Steam Room,95:Senior Citizen Sitout,34:Car Parking,71:Gated Community,18:Paved Compound,115:Internal Street Lights,59:Community Hall,55:CCTV Camera Security,22:Fire Fighting Systems,137:24x7 Security,20:Video Door Security,89:Reading Lounge,92:Salon,33:Lifts,21:Intercom,156:Waste Management,70:Garbage Disposal,26:Sewage Treatment Plant,28:24/7 Water Supply,45:Bar/Chill-Out Lounge","Club House, Jogging and Strolling Track, Power Back Up, Swimming Pool, Lift, Security, Park, Reserved Parking, Visitor Parking, Intercom Facility, Maintenance Staff, Bank & ATM, Banquet Hall, Guest Accommodation, Gymnasium, Kids Club, AEROBICS ROOM, Flower Gardens, Library And Business Centre, Indoor Squash & Badminton Courts, Multipurpose Courts, Meditation Area, Private jaccuzi, Premium branded fittings, Conference Room, Helipad, Mini Cinema Theatre, Golf Course, Pool with temperature control, Health club with Steam / Jaccuzi, 3 Tier Security System, Entry Exit Gate, Pet park, Kids play area, Kids Splash Pool, Aesthetically designed landscape garden, Event Space & Amphitheatre, Fire Fighting Equipment","Reading Lounge, Helipad, Sauna Bath, Spa, Garbage Disposal, Swimming Pool, Landscaping & Tree Planting, Mini Theatre, Fire Fighting System, Kid's Pool, Gymnasium, Golf Course, School, 24X7 Water Supply, Jogging Track, Senior Citizen Siteout, Street Lighting, Gated Community, Indoor Games, Bowling Alley, Hospital, Party Lawn, Sewage Treatment Plant, Club House, Intercom, Open Air Theatre, Children's Play Area, Salon, Yoga / Meditation Area, Steam Room, Solid Waste Management And Disposal, Lift(s), Sports Complex, 24x7 CCTV Surveillance, Sun Deck, Video Door Security, Temple, Community Hall, Conference Room, Paved Compound, Library, Jacuzzi, 24x7 Security, Cafeteria",Gymnasium; Swimming Pool; Kids' Pool; Badminton Court(s); Tennis Court(s); Kids' Play Areas / Sand Pits; Basketball; Yoga Areas; Jogging / Cycle Track; Table Tennis; Snooker/Pool/Billiards; Indoor Swimming Pool; Heated Swimming Pool; Golf Course; Rappelling/Rock Climbing; 24 x 7 Security; CCTV / Video Surveillance; Fire Fighting Systems; Intercom Facility; Video Phone; Rain Water Harvesting; Sewage Treatment Plant; Large Green Area; Cafe / Coffee Bar; Massage Room; Mini Theatre; Reading Room/Library; Sauna; Party Hall; Cards Room; Amphitheater; Indoor Games; Conference Room; Spa; Luxurious Clubhouse; Jacuzzi; Obeservatory Deck; High Street Retail; Hypermarket; Food Court; Senior Citizen Area; Power Backup; Restaurant; Treated Water Supply; Pet Area; Guest House; 24*7 Water Supply; Lift
399106,Amenities - List,"11:Swimming Pool,13:Gymnasium,1:Club House,141:Mini Theatre,143:Lounge,10:Children's Play Area,17:Park,44:Banquet Hall,40:Amphitheatre,77:Jogging Track,4:Yoga/Meditation Area,68:Football Ground,14:Restaurant,16:Cafeteria,80:Library,7:Conference Room,9:Multipurpose court,99:Sun Deck,85:Party Lawn,46:Barbecue,53:Card Room,139:Indoor Games,125:Chess,87:Pool Table,100:Table Tennis,69:Fountain,95:Senior Citizen Sitout,34:Car Parking,18:Paved Compound,137:24x7 Security,33:Lifts,65:Entrance Lobby,23:24/7 Power Backup,28:24/7 Water Supply,25:Rain Water Harvesting","Club House, Power Back Up, Swimming Pool, Lift, Security, Visitor Parking, Intercom Facility, Gymnasium, Indoor Games Room, Kids Club, RO Water System, Earth quake resistant, 3 Tier Security System, Large Open space, Grand Entrance lobby, Multipurpose Hall, Kids play area, Badminton court, Outdoor Tennis Courts, Fire Fighting Equipment","Amphitheater, Swimming Pool, Fountains, Water Conservation, Rain water Harvesting, Table Tennis, Mini Theatre, Gymnasium, Electrification(Transformer, Solar Energy etc), Car Parking, 24X7 Water Supply, Multipurpose Room, Jogging Track, Street Lighting, Gated Community, Indoor Games, Party Lawn, Sewage Treatment Plant, Intercom, Club House, Children's Play Area, Service Lift, Entrance Lobby, Yoga / Meditation Area, Card Room, Barbecue Area, Solid Waste Management And Disposal, Football Field, Visitor Parking, Lift(s), 24x7 CCTV Surveillance, Sun Deck, Restaurant, Chess Board, Conference Room, Paved Compound, Banquet Hall, Storm Water Drains, Internal Roads & Footpaths, Rain Water Harvesting, Library, 24x7 Security, Energy management, Power Backup, Cafeteria",Cafe / Coffee Bar; Mini Theatre; Reading Room/Library; Party Hall; Cards Room; Clubhouse; Indoor Games; Conference Room; Normal Park / Central Green; 24 x 7 Security; CCTV / Video Surveillance; Fire Fighting Systems; Intercom Facility; Power Backup; Restaurant; 24*7 Water Supply; Lift; Party Lawn; Gymnasium; Swimming Pool; Badminton Court(s); Tennis Court(s); Football; Kids' Play Areas / Sand Pits; Basketball; Yoga Areas; Jogging / Cycle Track; Table Tennis; Snooker/Pool/Billiards
269167,Amenities - List,"11:Swimming Pool,13:Gymnasium,1:Club House,12:Golf Course,141:Mini Theatre,143:Lounge,10:Children's Play Area,17:Park,77:Jogging Track,43:Badminton Court,47:Basketball Court,4:Yoga/Meditation Area,105:Volley Ball Court,79:Lawn Tennis Court,14:Restaurant,52:Business Lounge,5:Multipurpose Hall,9:Multipurpose court,99:Sun Deck,139:Indoor Games,111:Spa,93:Sauna,69:Fountain,95:Senior Citizen Sitout,34:Car Parking,71:Gated Community,18:Paved Compound,92:Salon,33:Lifts,28:24/7 Water Supply","Club House, Jogging and Strolling Track, Outdoor Tennis Courts, Cycling & Jogging Track, Private Terrace/Garden, Power Back Up, Swimming Pool, Lift, Security, Reserved Parking, Service/Goods Lift, Visitor Parking, Maintenance Staff, Gymnasium, DTH Television Facility, Laundry Service, Rain Water Harvesting, RO Water System, Indoor Squash & Badminton Courts, Multipurpose Courts, Meditation Area, Vaastu Compliant, Internet/Wi-Fi Connectivity, Private pool, Private jaccuzi, Fingerprint Access, Farm-House, Wrap Around Balcony, Island Kitchen Layout, Full Glass Wall, House help accommodation, Wine Cellar, Sky Villa, Waste Disposal, Golf Course, Sea facing, Skydeck, Theme based Architectures, Mansion, Downtown, Skyline View, Hilltop, Fire Fighting Equipment","Amphitheater, Volleyball Court, Fountains, Fire Sprinklers, Valet Parking, Table Tennis, Mini Theatre, Kid's Pool, Water Softner Plant, Concierge Service, Car Parking, 24X7 Water Supply, Multipurpose Room, Senior Citizen Siteout, Street Lighting, Indoor Games, Cycling & Jogging Track, Bowling Alley, Business Center, Party Lawn, Sewage Treatment Plant, Intercom, Children's Play Area, 24x7 CCTV Surveillance, Community Hall, Spa/Sauna/Steam, Maintenance Staff, Rain Water Harvesting, Library, 24x7 Security, Waiting Lounge, Tennis Court, Garbage Disposal, Swimming Pool, Vastu Compliant, Landscaping & Tree Planting, Gymnasium, Fire Fighting System, Flower Garden, Squash Court, Golf Course, Jogging Track, Gated Community, Sports Facility, Lawn Tennis Court, Club House, Yoga / Meditation Area, Wall Climbing, Lift(s), Badminton Court, Aerobics Room, Terrace Garden, Creche/Day Care, Sun Deck, Multipurpose Hall, Basketball Court, Conference Room, Car Wash Area, Internal Roads & Footpaths, Power Backup, Acupressure Center, Billiards / Snooker Table",Power Backup; Restaurant; Medical Facility; Pet Area; 24*7 Water Supply; Rain Water Harvesting; Sewage Treatment Plant; Eco Friendly; Large Green Area; Gymnasium; Swimming Pool; Kids' Pool; Badminton Court(s); Tennis Court(s); Squash Court; Cricket; Kids' Play Areas / Sand Pits; Basketball; Volleyball; Yoga Areas; Jogging / Cycle Track; Table Tennis; Snooker/Pool/Billiards; Heated Swimming Pool; Golf Course; Dance Room; Mini Theatre; Reading Room/Library; Sauna; Party Hall; Cards Room; Amphitheater; Indoor Games; Spa; Luxurious Clubhouse; Jacuzzi; High Street Retail; Senior Citizen Area; 24 x 7 Security; CCTV / Video Surveillance; Fire Fighting Systems; Intercom Facility; Video Phone
123483,Amenities - List,"11:Swimming Pool,13:Gymnasium,1:Club House,10:Children's Play Area,102:Terrace Garden,17:Park,84:Natural Pond,72:Gazebo,40:Amphitheatre,77:Jogging Track,43:Badminton Court,47:Basketball Court,96:Skating Rink,4:Yoga/Meditation Area,8:Shopping Centre,60:Cricket Pitch,79:Lawn Tennis Court,14:Restaurant,80:Library,15:Food Court,7:Conference Room,5:Multipurpose Hall,9:Multipurpose court,99:Sun Deck,53:Card Room,139:Indoor Games,54:Carrom,125:Chess,49:Billiards,87:Pool Table,100:Table Tennis,76:Jacuzzi,111:Spa,19:Open Space,66:Flower Garden,69:Fountain,95:Senior Citizen Sitout,226:Sit Out Area,34:Car Parking,71:Gated Community,18:Paved Compound,64:Earthquake Resistant,115:Internal Street Lights,55:CCTV Camera Security,135:Security Cabin,22:Fire Fighting Systems,137:24x7 Security,113:Pergola,6:Waiting Lounge,56:Changing Area,33:Lifts,65:Entrance Lobby,21:Intercom,23:24/7 Power Backup,70:Garbage Disposal,26:Sewage Treatment Plant,28:24/7 Water Supply,25:Rain Water Harvesting","Club House, Jogging and Strolling Track, Outdoor Tennis Courts, Cycling & Jogging Track, Power Back Up, Swimming Pool, Lift, Security, Park, Reserved Parking, Intercom Facility, Maintenance Staff, Banquet Hall, Gymnasium, Indoor Games Room, Kids Club, AEROBICS ROOM, DTH Television Facility, Flower Gardens, Rain Water Harvesting, Water Storage, Indoor Squash & Badminton Courts, Meditation Area, Vaastu Compliant, Internet/Wi-Fi Connectivity, Waste Disposal, Conference Room, Large Open space, Kids Play Pool With Water Slides, Fire Fighting Equipment","Amphitheater, Cricket Pitch, Changing Room, Gazebo, Spa, Vastu Compliant, Skating Rink, Fountains, Table Tennis, Car Parking, 24X7 Water Supply, Multipurpose Room, Senior Citizen Siteout, Street Lighting, Indoor Games, Cycling & Jogging Track, Pergola, Shopping Mall, Piped Gas Connection, Food Court, Party Lawn, Sewage Treatment Plant, Intercom, Children's Play Area, Recreation Facilities, Party Hall, 24x7 CCTV Surveillance, Chess Board, Community Hall, Spa/Sauna/Steam, Maintenance Staff, Library, Rain Water Harvesting, Laundromat, 24x7 Security, Jacuzzi, Natural Pond, Waiting Lounge, Internet / Wi-Fi, Tennis Court, Fire Alarm, Garbage Disposal, Swimming Pool, Landscaping & Tree Planting, Gymnasium, Fire Fighting System, Flower Garden, Jogging Track, Gated Community, Utility Shops, Lawn Tennis Court, Club House, Doctor on call, Entrance Lobby, Service Lift, Yoga / Meditation Area, Security Cabin, Lift(s), Badminton Court, Terrace Garden, Sun Deck, Video Door Security, Restaurant, High Speed Elevators, Multipurpose Hall, Basketball Court, Conference Room, Paved Compound, Carrom, Power Backup, Billiards / Snooker Table",Gymnasium; Swimming Pool; Kids' Pool; Badminton Court(s); Tennis Court(s); Squash Court; Cricket; Kids' Play Areas / Sand Pits; Basketball; Yoga Areas; Jogging / Cycle Track; Table Tennis; Snooker/Pool/Billiards; Skating Rink; Rain Water Harvesting; Sewage Treatment Plant; Eco Friendly; Large Green Area; Power Backup; Restaurant; AC Waiting Lobby; Treated Water Supply; 24*7 Water Supply; Lift; Cafe / Coffee Bar; Sauna; Party Hall; Amphitheater; Indoor Games; Spa; Luxurious Clubhouse; Jacuzzi; High Street Retail; Food Court; Senior Citizen Area; 24 x 7 Security; CCTV / Video Surveillance; Fire Fighting Systems; Intercom Facility; Video Phone
327273,Amenities - List,"11:Swimming Pool,13:Gymnasium,1:Club House,12:Golf Course,10:Children's Play Area,213:Landscape Garden,17:Park,44:Banquet Hall,77:Jogging Track,4:Yoga/Meditation Area,38:Aerobics Centre,60:Cricket Pitch,79:Lawn Tennis Court,7:Conference Room,99:Sun Deck,46:Barbecue,139:Indoor Games,49:Billiards,100:Table Tennis,111:Spa,34:Car Parking,71:Gated Community,18:Paved Compound,64:Earthquake Resistant,115:Internal Street Lights,97:Solar Lighting,117:Solar Water Heating,55:CCTV Camera Security,135:Security Cabin,22:Fire Fighting Systems,137:24x7 Security,6:Waiting Lounge,33:Lifts,65:Entrance Lobby,21:Intercom,23:24/7 Power Backup,26:Sewage Treatment Plant,28:24/7 Water Supply,25:Rain Water Harvesting","Club House, Jogging and Strolling Track, Power Back Up, Swimming Pool, Lift, Reserved Parking, Visitor Parking, Intercom Facility, Banquet Hall, Gymnasium, Indoor Games Room, AEROBICS ROOM, Flower Gardens, Rain Water Harvesting, RO Water System, Indoor Squash & Badminton Courts, Meditation Area, Conference Room, 3 Tier Security System, Grand Entrance lobby, Solar Energy, CCTV Camera, Fire Sprinklers, Barbeque space, Kids play area, Half basketball court, Sewage treatment plant, Community entrance gate, Aesthetically designed landscape garden, Badminton court, Outdoor Tennis Courts, Fire Fighting Equipment","Waiting Lounge, Cricket Pitch, Tennis Court, Solar Lighting, Spa, Swimming Pool, Skating Rink, Fire Sprinklers, Landscaping & Tree Planting, Table Tennis, Gymnasium, Fire Fighting System, Flower Garden, Squash Court, Golf Course, Closed Car Parking, Car Parking, 24X7 Water Supply, Jogging Track, Gated Community, Indoor Games, Cycling & Jogging Track, Lawn Tennis Court, Sewage Treatment Plant, Club House, Intercom, Children's Play Area, Yoga / Meditation Area, Barbecue Area, Visitor Parking, Party Hall, Lift(s), Badminton Court, Aerobics Room, RO Water System, 24x7 CCTV Surveillance, Sun Deck, Reserved Parking, Basketball Court, Conference Room, Paved Compound, Spa/Sauna/Steam, Banquet Hall, Solar Water Heating, Rain Water Harvesting, 24x7 Security, Power Backup, Billiards / Snooker Table",Rain Water Harvesting; Sewage Treatment Plant; Normal Park / Central Green; Eco Friendly; Cafe / Coffee Bar; Mini Theatre; Sauna; Party Hall; Cards Room; Clubhouse; Indoor Games; Spa; Jacuzzi; Gymnasium; Swimming Pool; Kids' Pool; Badminton Court(s); Tennis Court(s); Cricket; Kids' Play Areas / Sand Pits; Basketball; Yoga Areas; Jogging / Cycle Track; Table Tennis; Snooker/Pool/Billiards; Skating Rink; Power Backup; Restaurant; 24*7 Water Supply; Lift; 24 x 7 Security; CCTV / Video Surveillance; Fire Fighting Systems; Intercom Facility; Video Phone
427056,Amenities - List,"11:Swimming Pool,13:Gymnasium,143:Lounge,17:Park,84:Natural Pond,44:Banquet Hall,40:Amphitheatre,77:Jogging Track,96:Skating Rink,4:Yoga/Meditation Area,16:Cafeteria,85:Party Lawn,139:Indoor Games,111:Spa,93:Sauna,109:Steam Room,69:Fountain,28:24/7 Water Supply","Power Back Up, Lift, Bank & ATM, Indoor Games Room, Air Conditioned, Internet/Wi-Fi Connectivity, Located in the Heart of city, Kids play area, Fire Fighting Equipment","Natural Pond, Waiting Lounge, Amphitheater, Entrance Lobby, Yoga / Meditation Area, Steam Room, Sauna Bath, Spa, Skating Rink, Swimming Pool, Fountains, Fire Sprinklers, Landscaping & Tree Planting, Gymnasium, 24X7 Water Supply, Jogging Track, Indoor Games, Banquet Hall, Party Lawn, Cafeteria, Power Backup, Club House",Rain Water Harvesting; Sewage Treatment Plant; Large Green Area; Gymnasium; Swimming Pool; Badminton Court(s); Tennis Court(s); Kids' Play Areas / Sand Pits; Yoga Areas; Jogging / Cycle Track; Table Tennis; Snooker/Pool/Billiards; Skating Rink; Rappelling/Rock Climbing; Power Backup; Restaurant; Treated Water Supply; High Speed Elevators; 24*7 Water Supply; Party Lawn; 24 x 7 Security; CCTV / Video Surveillance; Fire Fighting Systems; Intercom Facility; Video Phone; Cafe / Coffee Bar; Dance Room; Reading Room/Library; Sauna; Party Hall; Amphitheater; Indoor Games; Conference Room; Spa; Luxurious Clubhouse
390137,Amenities - List,"11:Swimming Pool,13:Gymnasium,1:Club House,12:Golf Course,141:Mini Theatre,10:Children's Play Area,44:Banquet Hall,40:Amphitheatre,77:Jogging Track,43:Badminton Court,98:Squash Court,47:Basketball Court,96:Skating Rink,4:Yoga/Meditation Area,8:Shopping Centre,60:Cricket Pitch,79:Lawn Tennis Court,14:Restaurant,80:Library,52:Business Lounge,9:Multipurpose court,85:Party Lawn,53:Card Room,139:Indoor Games,76:Jacuzzi,111:Spa,93:Sauna,109:Steam Room,69:Fountain,95:Senior Citizen Sitout,34:Car Parking,36:Vastu Compliant,94:School,55:CCTV Camera Security,57:Cigar Lounge,33:Lifts,65:Entrance Lobby,45:Bar/Chill-Out Lounge","Club House, Cafeteria/Food Court, Bar/Lounge, Jogging and Strolling Track, Outdoor Tennis Courts, Private Terrace/Garden, Power Back Up, Swimming Pool, Lift, Security, Park, Reserved Parking, Service/Goods Lift, Visitor Parking, Intercom Facility, Maintenance Staff, Banquet Hall, Gymnasium, Indoor Games Room, Kids Club, Concierge Services, DTH Television Facility, Laundry Service, Piped Gas, Rain Water Harvesting, RO Water System, Water Storage, Air Conditioned, Indoor Squash & Badminton Courts, Multipurpose Courts, Meditation Area, Vaastu Compliant, Internet/Wi-Fi Connectivity, High Ceiling, Central AC, Premium branded fittings, AC in each room, Waste Disposal, Conference Room, Mini Cinema Theatre, Golf Course, Pool with temperature control, Skydeck, Earth quake resistant, Theme based Architectures, Health club with Steam / Jaccuzi, Located in the Heart of city, Large Clubhouse, 3 Tier Security System, Large Open space, Grand Entrance lobby, Solar Energy, Guest lobby in each floor, Kids play area, Activity Deck4, Badminton court, Event Space & Amphitheatre, Kids Play Pool With Water Slides, Fire Fighting Equipment","Amphitheater, Cricket Pitch, Volleyball Court, Spa, Skating Rink, Fountains, Mini Theatre, Business Suites, Kid's Pool, Concierge Service, Car Parking, 24X7 Water Supply, Multipurpose Room, Senior Citizen Siteout, Indoor Games, Cycling & Jogging Track, Shopping Mall, Food Court, Party Lawn, Children's Play Area, Steam Room, Card Room, Party Hall, 24x7 CCTV Surveillance, Reserved Parking, Maintenance Staff, Banquet Hall, Library, Jacuzzi, Cafeteria, Reading Lounge, Internet / Wi-Fi, Sauna Bath, Tennis Court, Swimming Pool, Vastu Compliant, Water Storage, Gymnasium, Squash Court, Golf Course, School, Jogging Track, Gated Community, Lawn Tennis Court, Club House, Service Lift, Entrance Lobby, Yoga / Meditation Area, Bar/Chill-out Lounge, Lift(s), Badminton Court, RO Water System, Sun Deck, Restaurant, Multipurpose Hall, Basketball Court, Conference Room, Cigar Lounge",24 x 7 Security; CCTV / Video Surveillance; Fire Fighting Systems; Smart Card Access; Power Backup; Restaurant; Home Automation; Treated Water Supply; High Speed Elevators; Pre-School; Pet Area; High speed escalators; 24*7 Water Supply; Separate Enrty /Exit Gates; Service Elevators; Gymnasium; Swimming Pool; Kids' Pool; Badminton Court(s); Tennis Court(s); Squash Court; Cricket; Kids' Play Areas / Sand Pits; Basketball; Volleyball; Yoga Areas; Jogging / Cycle Track; Table Tennis; Snooker/Pool/Billiards; Skating Rink; Golf Putting; Massage Room; Mini Theatre; Reading Room/Library; Sauna; Party Hall; Cards Room; Amphitheater; Indoor Games; Conference Room; Spa; Luxurious Clubhouse; Jacuzzi; Senior Citizen Area; Rain Water Harvesting; Sewage Treatment Plant; Large Green Area
395716,Amenities - List,"11:Swimming Pool,13:Gymnasium,1:Club House,10:Children's Play Area,213:Landscape Garden,44:Banquet Hall,72:Gazebo,40:Amphitheatre,77:Jogging Track,43:Badminton Court,47:Basketball Court,96:Skating Rink,4:Yoga/Meditation Area,60:Cricket Pitch,53:Card Room,139:Indoor Games,49:Billiards,100:Table Tennis,76:Jacuzzi,34:Car Parking,71:Gated Community,115:Internal Street Lights,22:Fire Fighting Systems,137:24x7 Security,56:Changing Area,33:Lifts,23:24/7 Power Backup,26:Sewage Treatment Plant,28:24/7 Water Supply","Club House, Cafeteria/Food Court, Jogging and Strolling Track, Outdoor Tennis Courts, Cycling & Jogging Track, Power Back Up, Swimming Pool, Lift, Security, Reserved Parking, Visitor Parking, Intercom Facility, Maintenance Staff, Banquet Hall, Gymnasium, Indoor Games Room, Rain Water Harvesting, RO Water System, Water Storage, Meditation Area, Earth quake resistant, Large Clubhouse, 3 Tier Security System, CCTV Camera, Kids play area, Kids Splash Pool, Community entrance gate, Aesthetically designed landscape garden, Badminton court, Fire Fighting Equipment","Children's Play Area, Amphitheater, Cricket Pitch, Card Room, Multipurpose Hall, Basketball Court, Swimming Pool, Indoor Games, Landscaping & Tree Planting, Table Tennis, Gymnasium",24 x 7 Security; CCTV / Video Surveillance; Fire Fighting Systems; Intercom Facility; Gymnasium; Swimming Pool; Badminton Court(s); Tennis Court(s); Kids' Play Areas / Sand Pits; Basketball; Yoga Areas; Jogging / Cycle Track; Table Tennis; Snooker/Pool/Billiards; Skating Rink; Golf Putting; Gazebo; Power Backup; Guest House; 24*7 Water Supply; Separate Enrty /Exit Gates; Lift; Party Lawn; Sauna; Party Hall; Cards Room; Amphitheater; Indoor Games; Luxurious Clubhouse; Jacuzzi; Rain Water Harvesting; Normal Park / Central Green; Eco Friendly
26134,Amenities - List,"11:Swimming Pool,13:Gymnasium,1:Club House,12:Golf Course,10:Children's Play Area,3:Theatre,213:Landscape Garden,17:Park,44:Banquet Hall,72:Gazebo,40:Amphitheatre,77:Jogging Track,43:Badminton Court,98:Squash Court,47:Basketball Court,79:Lawn Tennis Court,14:Restaurant,52:Business Lounge,9:Multipurpose court,99:Sun Deck,46:Barbecue,49:Billiards,100:Table Tennis,111:Spa,69:Fountain,34:Car Parking,71:Gated Community,18:Paved Compound,115:Internal Street Lights,202:Well-Maintained Internal Roads,59:Community Hall,135:Security Cabin,22:Fire Fighting Systems,137:24x7 Security,20:Video Door Security,113:Pergola,33:Lifts,31:Property Staff,21:Intercom,23:24/7 Power Backup,28:24/7 Water Supply,25:Rain Water Harvesting","Club House, Cafeteria/Food Court, Bar/Lounge, Outdoor Tennis Courts, Power Back Up, Swimming Pool, Security, Park, Reserved Parking, Intercom Facility, Gymnasium, Indoor Games Room, DTH Television Facility, Flower Gardens, Piped Gas, Rain Water Harvesting, Water Storage, Air Conditioned, Multipurpose Courts, Vaastu Compliant, Internet/Wi-Fi Connectivity, Waste Disposal, Golf Course, Earth quake resistant, Outdoor Tennis Courts, Event Space & Amphitheatre, Fire Fighting Equipment","Children's Play Area, Car Parking, Multipurpose Room, Jogging Track, Swimming Pool, Banquet Hall, Gymnasium, Club House",Power Backup; Restaurant; Treated Water Supply; 24*7 Water Supply; Mini Theatre; Reading Room/Library; Party Hall; Amphitheater; Indoor Games; Spa; Luxurious Clubhouse; Gymnasium; Swimming Pool; Kids' Pool; Badminton Court(s); Tennis Court(s); Kids' Play Areas / Sand Pits; Basketball; Yoga Areas; Jogging / Cycle Track; Table Tennis; Snooker/Pool/Billiards; Skating Rink; Indoor Swimming Pool; Heated Swimming Pool; Gazebo; 24 x 7 Security; CCTV / Video Surveillance; Fire Fighting Systems; Intercom Facility; Video Phone; Rain Water Harvesting; Sewage Treatment Plant; Large Green Area
433855,Amenities - List,"11:Swimming Pool,13:Gymnasium,1:Club House,143:Lounge,10:Children's Play Area,213:Landscape Garden,44:Banquet Hall,40:Amphitheatre,77:Jogging Track,43:Badminton Court,4:Yoga/Meditation Area,50:Bowling Alley,14:Restaurant,80:Library,9:Multipurpose court,99:Sun Deck,53:Card Room,49:Billiards,87:Pool Table,100:Table Tennis,76:Jacuzzi,66:Flower Garden,95:Senior Citizen Sitout,34:Car Parking,33:Lifts,45:Bar/Chill-Out Lounge","Club House, Power Back Up, Swimming Pool, Lift, Security, Reserved Parking, Visitor Parking, Maintenance Staff, Gymnasium, Rain Water Harvesting, Multipurpose Hall, CCTV Camera, Kids play area, Aesthetically designed landscape garden, Badminton court","Waiting Lounge, Amphitheater, Tennis Court, Swimming Pool, Landscaping & Tree Planting, Table Tennis, Gymnasium, Flower Garden, Closed Car Parking, Car Parking, Jogging Track, Senior Citizen Siteout, Cycling & Jogging Track, Bowling Alley, Club House, Children's Play Area, Entrance Lobby, Yoga / Meditation Area, Card Room, Bar/Chill-out Lounge, Lift(s), Badminton Court, Sun Deck, Restaurant, High Speed Elevators, Multipurpose Hall, Banquet Hall, Library, 24x7 Security, Jacuzzi, Billiards / Snooker Table",24 x 7 Security; CCTV / Video Surveillance; Fire Fighting Systems; Power Backup; Treated Water Supply; High Speed Elevators; Pet Area; 24*7 Water Supply; Separate Enrty /Exit Gates; Party Hall; Clubhouse; Amphitheater; Indoor Games; Senior Citizen Area; Gymnasium; Swimming Pool; Kids' Pool; Badminton Court(s); Kids' Play Areas / Sand Pits; Basketball; Yoga Areas; Jogging / Cycle Track; Table Tennis; Snooker/Pool/Billiards; Gazebo; Rain Water Harvesting; Sewage Treatment Plant; Large Green Area
1223,Amenities - List,"11:Swimming Pool,13:Gymnasium,1:Club House,10:Children's Play Area,17:Park,72:Gazebo,77:Jogging Track,43:Badminton Court,47:Basketball Court,4:Yoga/Meditation Area,8:Shopping Centre,79:Lawn Tennis Court,85:Party Lawn,139:Indoor Games,76:Jacuzzi,82:Medical Centre,69:Fountain,34:Car Parking,64:Earthquake Resistant,55:CCTV Camera Security,22:Fire Fighting Systems,137:24x7 Security,27:Piped Gas,41:Automated Car Wash,129:Car Wash Area,33:Lifts,65:Entrance Lobby,21:Intercom,23:24/7 Power Backup,28:24/7 Water Supply,25:Rain Water Harvesting",Not Available,"Natural Pond, Internet / Wi-Fi, Tennis Court, Gazebo, Swimming Pool, Fountains, Vastu Compliant, Landscaping & Tree Planting, Gymnasium, Fire Fighting System, Kid's Pool, Medical Store/Pharmacy, Medical Facilities, School, Squash Court, Car Parking, 24X7 Water Supply, Multipurpose Room, Jogging Track, Street Lighting, Gated Community, Indoor Games, Cycling & Jogging Track, Shopping Mall, Hospital, Lawn Tennis Court, Sewage Treatment Plant, Club House, Intercom, Children's Play Area, Entrance Lobby, Yoga / Meditation Area, Automated Car Wash, Lift(s), Party Hall, Badminton Court, 24x7 CCTV Surveillance, High Speed Elevators, Basketball Court, Staff Quarter, Maintenance Staff, ATM, Rain Water Harvesting, 24x7 Security, Jacuzzi, Power Backup",Power Backup; Treated Water Supply; High Speed Elevators; 24*7 Water Supply; Party Lawn; Party Hall; Clubhouse; Indoor Games; Senior Citizen Area; 24 x 7 Security; CCTV / Video Surveillance; Fire Fighting Systems; Intercom Facility; Gymnasium; Swimming Pool; Badminton Court(s); Kids' Play Areas / Sand Pits; Yoga Areas; Jogging / Cycle Track; Table Tennis; Snooker/Pool/Billiards; Gazebo; Rain Water Harvesting; Sewage Treatment Plant; Eco Friendly; Large Green Area; IGBC Certified Building
376821,Amenities - List,"11:Swimming Pool,13:Gymnasium,1:Club House,12:Golf Course,10:Children's Play Area,17:Park,40:Amphitheatre,77:Jogging Track,43:Badminton Court,98:Squash Court,47:Basketball Court,96:Skating Rink,4:Yoga/Meditation Area,37:Acupressure Park,60:Cricket Pitch,79:Lawn Tennis Court,5:Multipurpose Hall,9:Multipurpose court,99:Sun Deck,46:Barbecue,53:Card Room,49:Billiards,100:Table Tennis,90:Reflexology Park,19:Open Space,34:Car Parking,71:Gated Community,64:Earthquake Resistant,55:CCTV Camera Security,22:Fire Fighting Systems,137:24x7 Security,20:Video Door Security,56:Changing Area,33:Lifts,65:Entrance Lobby,21:Intercom,23:24/7 Power Backup,28:24/7 Water Supply","Club House, Cafeteria/Food Court, Jogging and Strolling Track, Outdoor Tennis Courts, Power Back Up, Swimming Pool, Lift, Security, Reserved Parking, Service/Goods Lift, Visitor Parking, Intercom Facility, Maintenance Staff, Banquet Hall, Gymnasium, Indoor Games Room, DTH Television Facility, Laundry Service, Piped Gas, Rain Water Harvesting, RO Water System, Water Storage, Vaastu Compliant, AC in each room, Waste Disposal, Conference Room, Pool with temperature control, Skydeck, Earth quake resistant, 3 Tier Security System, Large Open space, Grand Entrance lobby, Multipurpose Hall, CCTV Camera, Kids Splash Pool, Cricket net practice, Half basketball court, Badminton court, Outdoor Tennis Courts, Fire Fighting Equipment","Amphitheater, Cricket Pitch, Tennis Court, Changing Room, Reflexology Park, Swimming Pool, Skating Rink, Fire Sprinklers, Landscaping & Tree Planting, Table Tennis, Gymnasium, Fire Fighting System, Kid's Pool, Golf Course, Squash Court, Car Parking, 24X7 Water Supply, Multipurpose Room, Jogging Track, Gated Community, Indoor Games, Shopping Mall, Piped Gas Connection, Lawn Tennis Court, Sewage Treatment Plant, Club House, Intercom, Children's Play Area, Entrance Lobby, Yoga / Meditation Area, Recreation Facilities, Lift(s), Badminton Court, 24x7 CCTV Surveillance, Video Door Security, Multipurpose Hall, Basketball Court, Banquet Hall, Storm Water Drains, Rain Water Harvesting, 24x7 Security, Power Backup, Acupressure Center, Billiards / Snooker Table",24 x 7 Security; CCTV / Video Surveillance; Fire Fighting Systems; Intercom Facility; Gymnasium; Swimming Pool; Kids' Pool; Badminton Court(s); Tennis Court(s); Squash Court; Cricket; Kids' Play Areas / Sand Pits; Basketball; Yoga Areas; Jogging / Cycle Track; Table Tennis; Snooker/Pool/Billiards; Skating Rink; Golf Course; Party Hall; Cards Room; Clubhouse; Amphitheater; Indoor Games; Senior Citizen Area; Power Backup; Treated Water Supply; Pet Area; 24*7 Water Supply; Separate Enrty /Exit Gates; Lift; Party Lawn; Rain Water Harvesting; Sewage Treatment Plant; Large Green Area
412546,Amenities - List,"1:Club House,141:Mini Theatre,10:Children's Play Area,213:Landscape Garden,77:Jogging Track,237:Cycling Track,4:Yoga/Meditation Area,32:ATM,14:Restaurant,85:Party Lawn,111:Spa,93:Sauna,34:Car Parking,55:CCTV Camera Security,137:24x7 Security,23:24/7 Power Backup",Not Available,"Children's Play Area, Service Lift, Tennis Court, Swimming Pool, Fountains, Vastu Compliant, Lift(s), Landscaping & Tree Planting, Gymnasium, Flower Garden, Car Parking, 24X7 Water Supply, Multipurpose Room, Jogging Track, Gated Community, Indoor Games, Cycling & Jogging Track, Maintenance Staff, Rain Water Harvesting, 24x7 Security, Power Backup, Club House",Power Backup; AC Waiting Lobby; Treated Water Supply; Pet Area; Car Washing Bays; Laundromat; 24*7 Water Supply; Lift; Party Hall; Clubhouse; Indoor Games; Gymnasium; Swimming Pool; Badminton Court(s); Kids' Play Areas / Sand Pits; Yoga Areas; Jogging / Cycle Track; Table Tennis; Snooker/Pool/Billiards; 24 x 7 Security; CCTV / Video Surveillance; Fire Fighting Systems; Intercom Facility; Rain Water Harvesting; Sewage Treatment Plant; Large Green Area
333811,Amenities - List,"11:Swimming Pool,13:Gymnasium,1:Club House,10:Children's Play Area,213:Landscape Garden,17:Park,44:Banquet Hall,40:Amphitheatre,77:Jogging Track,43:Badminton Court,47:Basketball Court,4:Yoga/Meditation Area,79:Lawn Tennis Court,99:Sun Deck,139:Indoor Games,19:Open Space,34:Car Parking,18:Paved Compound,64:Earthquake Resistant,115:Internal Street Lights,97:Solar Lighting,59:Community Hall,55:CCTV Camera Security,22:Fire Fighting Systems,137:24x7 Security,33:Lifts,21:Intercom,23:24/7 Power Backup,156:Waste Management,70:Garbage Disposal,26:Sewage Treatment Plant,28:24/7 Water Supply,25:Rain Water Harvesting","Club House, Jogging and Strolling Track, Outdoor Tennis Courts, Swimming Pool, Security, Park, Reserved Parking, Visitor Parking, Intercom Facility, Maintenance Staff, Gymnasium, Indoor Games Room, DTH Television Facility, Flower Gardens, Rain Water Harvesting, Retail Boulevard (Retail Shops), Water Storage, Multipurpose Courts, Meditation Area, Waste Disposal, Earth quake resistant, CCTV Camera, Event Space & Amphitheatre, Kids Play Pool With Water Slides, Fire Fighting Equipment","Amphitheater, Solar Lighting, Garbage Disposal, Skating Rink, Swimming Pool, Landscaping & Tree Planting, Water Conservation, Rain water Harvesting, Gymnasium, Fire Fighting System, Kid's Pool, Community Buildings, Car Parking, 24X7 Water Supply, Closed Car Parking, Jogging Track, Street Lighting, Indoor Games, Cycling & Jogging Track, Lawn Tennis Court, Sewage Treatment Plant, Club House, Intercom, Children's Play Area, Yoga / Meditation Area, Recreation Facilities, Solid Waste Management And Disposal, Theme Park, Lift(s), Badminton Court, 24x7 CCTV Surveillance, Sun Deck, Basketball Court, Community Hall, Paved Compound, Storm Water Drains, Banquet Hall, Internal Roads & Footpaths, Rain Water Harvesting, 24x7 Security, Energy management, Power Backup",Gymnasium; Swimming Pool; Kids' Pool; Badminton Court(s); Tennis Court(s); Squash Court; Kids' Play Areas / Sand Pits; Basketball; Yoga Areas; Jogging / Cycle Track; Table Tennis; Snooker/Pool/Billiards; Skating Rink; Party Hall; Cards Room; Clubhouse; Amphitheater; Indoor Games; Power Backup; Treated Water Supply; 24*7 Water Supply; Lift; 24 x 7 Security; CCTV / Video Surveillance; Fire Fighting Systems; Intercom Facility; Emergency Rescue / Alarms; Rain Water Harvesting; Sewage Treatment Plant; Large Green Area
424010,Amenities - List,"11:Swimming Pool,13:Gymnasium,12:Golf Course,2:Creche/Day Care,10:Children's Play Area,17:Park,40:Amphitheatre,77:Jogging Track,43:Badminton Court,96:Skating Rink,4:Yoga/Meditation Area,60:Cricket Pitch,68:Football Ground,9:Multipurpose court,85:Party Lawn,139:Indoor Games,54:Carrom,125:Chess,100:Table Tennis,111:Spa,90:Reflexology Park,69:Fountain,95:Senior Citizen Sitout,34:Car Parking,71:Gated Community,89:Reading Lounge,51:Bus Shelter,33:Lifts","Club House, Jogging and Strolling Track, Outdoor Tennis Courts, Power Back Up, Swimming Pool, Lift, Security, Reserved Parking, Intercom Facility, Gymnasium, Indoor Games Room, Rain Water Harvesting, Meditation Area, Modular Kitchen, Large Clubhouse, Multipurpose Hall, CCTV Camera, Pet park, Kids play area, Kids Splash Pool, Half basketball court, Water treatment plant, Sewage treatment plant, Badminton court, Outdoor Tennis Courts, Event Space & Amphitheatre, Fire Fighting Equipment","Amphitheater, Reading Lounge, Cricket Pitch, Reflexology Park, Skating Rink, Swimming Pool, Open Gym, Vastu Compliant, Landscaping & Tree Planting, Water Conservation, Rain water Harvesting, Table Tennis, Fire Fighting System, Electrification(Transformer, Solar Energy etc), 24X7 Water Supply, Jogging Track, Street Lighting, Senior Citizen Siteout, Gated Community, Utility Shops, Party Lawn, Sewage Treatment Plant, Intercom, Club House, Children's Play Area, Yoga / Meditation Area, Wall Climbing, Solid Waste Management And Disposal, Football Field, Lift(s), Badminton Court, 24x7 CCTV Surveillance, Chess Board, Multipurpose Hall, Conference Room, Storm Water Drains, Open Parking, Internal Roads & Footpaths, Rain Water Harvesting, 24x7 Security, Energy management, Electrical meter Room, Power Backup",Reading Room/Library; Party Hall; Clubhouse; Amphitheater; Indoor Games; Spa; Multi Brand Retail; Rain Water Harvesting; Sewage Treatment Plant; Large Green Area; IGBC Certified Building; 24 x 7 Security; CCTV / Video Surveillance; Fire Fighting Systems; Intercom Facility; Gymnasium; Swimming Pool; Kids' Pool; Badminton Court(s); Tennis Court(s); Football; Cricket; Kids' Play Areas / Sand Pits; Basketball; Yoga Areas; Jogging / Cycle Track; Table Tennis; Snooker/Pool/Billiards; Skating Rink; Golf Putting; Rappelling/Rock Climbing; Power Backup; Treated Water Supply; Pet Area; 24*7 Water Supply; Separate Enrty /Exit Gates; Lift; Party Lawn
270729,Amenities - List,"11:Swimming Pool,13:Gymnasium,1:Club House,10:Children's Play Area,17:Park,77:Jogging Track,43:Badminton Court,47:Basketball Court,8:Shopping Centre,79:Lawn Tennis Court,5:Multipurpose Hall,139:Indoor Games,19:Open Space,34:Car Parking,71:Gated Community,18:Paved Compound,64:Earthquake Resistant,94:School,59:Community Hall,55:CCTV Camera Security,22:Fire Fighting Systems,137:24x7 Security,91:RO System,33:Lifts,65:Entrance Lobby,21:Intercom,88:Power Back up Lift,23:24/7 Power Backup,70:Garbage Disposal,26:Sewage Treatment Plant,28:24/7 Water Supply,25:Rain Water Harvesting","Club House, Jogging and Strolling Track, Outdoor Tennis Courts, Power Back Up, Swimming Pool, Lift, Security, Reserved Parking, Bank & ATM, Gymnasium, Multipurpose Courts, Outdoor Tennis Courts, Fire Fighting Equipment","Internet / Wi-Fi, Tennis Court, Garbage Disposal, Swimming Pool, Vastu Compliant, Landscaping & Tree Planting, Mini Theatre, Fire Fighting System, Gymnasium, School, Car Parking, 24X7 Water Supply, Closed Car Parking, Multipurpose Room, Jogging Track, Gated Community, Indoor Games, Sports Facility, Shopping Mall, Lawn Tennis Court, Sewage Treatment Plant, Club House, Intercom, Children's Play Area, Entrance Lobby, Recreation Facilities, Lift(s), Badminton Court, RO Water System, 24x7 CCTV Surveillance, Video Door Security, Multipurpose Hall, Basketball Court, Community Hall, Paved Compound, Rain Water Harvesting, 24x7 Security, Earthquake Resistant Structure, Power Backup",24 x 7 Security; CCTV / Video Surveillance; Fire Fighting Systems; Intercom Facility; Video Phone; Emergency Rescue / Alarms; Gymnasium; Swimming Pool; Badminton Court(s); Tennis Court(s); Kids' Play Areas / Sand Pits; Basketball; Yoga Areas; Jogging / Cycle Track; Snooker/Pool/Billiards; Clubhouse; Indoor Games; Power Backup; AC Waiting Lobby; Treated Water Supply; 24*7 Water Supply; Lift; Large Green Area
25860,Amenities - List,"11:Swimming Pool,13:Gymnasium,1:Club House,10:Children's Play Area,213:Landscape Garden,17:Park,77:Jogging Track,47:Basketball Court,96:Skating Rink,4:Yoga/Meditation Area,32:ATM,16:Cafeteria,5:Multipurpose Hall,9:Multipurpose court,139:Indoor Games,54:Carrom,100:Table Tennis,93:Sauna,19:Open Space,34:Car Parking,71:Gated Community,18:Paved Compound,64:Earthquake Resistant,59:Community Hall,55:CCTV Camera Security,22:Fire Fighting Systems,137:24x7 Security,20:Video Door Security,113:Pergola,56:Changing Area,119:Concierge Service,33:Lifts,31:Property Staff,65:Entrance Lobby,21:Intercom,88:Power Back up Lift,23:24/7 Power Backup,26:Sewage Treatment Plant,28:24/7 Water Supply,25:Rain Water Harvesting","Club House, Coffee Lounge & Restaurants, Cafeteria/Food Court, Bar/Lounge, Jogging and Strolling Track, Outdoor Tennis Courts, Cycling & Jogging Track, Barbeque Pit, Power Back Up, Swimming Pool, Lift, Security, Park, Reserved Parking, Service/Goods Lift, Visitor Parking, Intercom Facility, Maintenance Staff, Bank & ATM, Banquet Hall, Guest Accommodation, Gymnasium, Indoor Games Room, Kids Club, AEROBICS ROOM, DTH Television Facility, Flower Gardens, Laundry Service, Library And Business Centre, Piped Gas, Rain Water Harvesting, Recreational Pool, Rentable Community Space, Retail Boulevard (Retail Shops), RO Water System, Water Storage, Air Conditioned, Canopy Walk, Indoor Squash & Badminton Courts, Arts & Craft Studio, Multipurpose Courts, Meditation Area, Vaastu Compliant, Internet/Wi-Fi Connectivity, Premium branded fittings, AC in each room, Waste Disposal, Conference Room, Earth quake resistant, Guest lobby in each floor, Activity Deck4, Outdoor Tennis Courts, Event Space & Amphitheatre, Kids Play Pool With Water Slides, Fire Fighting Equipment","Changing Room, Tennis Court, Swimming Pool, Skating Rink, Table Tennis, Gymnasium, Kid's Pool, Fire Fighting System, Squash Court, 24X7 Water Supply, Car Parking, Multipurpose Room, Jogging Track, Gated Community, Indoor Games, Cycling & Jogging Track, Sports Facility, Party Lawn, Sewage Treatment Plant, Intercom, Club House, Children's Play Area, Entrance Lobby, Yoga / Meditation Area, Card Room, Lift(s), Badminton Court, 24x7 CCTV Surveillance, Multipurpose Hall, Community Hall, Paved Compound, Maintenance Staff, Rain Water Harvesting, Carrom, 24x7 Security, Power Backup, Billiards / Snooker Table",24 x 7 Security; CCTV / Video Surveillance; Fire Fighting Systems; Intercom Facility; Party Hall; Clubhouse; Indoor Games; Rain Water Harvesting; Sewage Treatment Plant; Eco Friendly; Large Green Area; Gymnasium; Swimming Pool; Kids' Pool; Badminton Court(s); Tennis Court(s); Kids' Play Areas / Sand Pits; Basketball; Yoga Areas; Jogging / Cycle Track; Table Tennis; Snooker/Pool/Billiards; Power Backup; Treated Water Supply; 24*7 Water Supply; Lift
318679,Amenities - List,"11:Swimming Pool,13:Gymnasium,1:Club House,2:Creche/Day Care,10:Children's Play Area,44:Banquet Hall,40:Amphitheatre,77:Jogging Track,43:Badminton Court,98:Squash Court,96:Skating Rink,4:Yoga/Meditation Area,60:Cricket Pitch,79:Lawn Tennis Court,14:Restaurant,16:Cafeteria,80:Library,9:Multipurpose court,99:Sun Deck,85:Party Lawn,46:Barbecue,53:Card Room,139:Indoor Games,54:Carrom,125:Chess,49:Billiards,100:Table Tennis,111:Spa,90:Reflexology Park,93:Sauna,95:Senior Citizen Sitout,34:Car Parking,71:Gated Community,18:Paved Compound,115:Internal Street Lights,59:Community Hall,55:CCTV Camera Security,22:Fire Fighting Systems,137:24x7 Security,20:Video Door Security,89:Reading Lounge,33:Lifts,65:Entrance Lobby,21:Intercom,23:24/7 Power Backup,28:24/7 Water Supply,45:Bar/Chill-Out Lounge,25:Rain Water Harvesting","Club House, Cafeteria/Food Court, Power Back Up, Swimming Pool, Lift, Security, Park, Reserved Parking, Visitor Parking, Intercom Facility, Maintenance Staff, Gymnasium, Indoor Games Room, Rentable Community Space, Indoor Squash & Badminton Courts, Meditation Area, CCTV Camera, Fire Fighting Equipment","Amphitheater, Cricket Pitch, Spa, Skating Rink, Fire Sprinklers, Table Tennis, Kid's Pool, Medical Facilities, Car Parking, 24X7 Water Supply, Multipurpose Room, Senior Citizen Siteout, Street Lighting, Indoor Games, Cycling & Jogging Track, Bowling Alley, Party Lawn, Sewage Treatment Plant, Intercom, Children's Play Area, Card Room, Party Hall, 24x7 CCTV Surveillance, Chess Board, Community Hall, Spa/Sauna/Steam, Banquet Hall, Maintenance Staff, Library, Rain Water Harvesting, Jacuzzi, 24x7 Security, Cafeteria, Reading Lounge, Internet / Wi-Fi, Tennis Court, Sauna Bath, Reflexology Park, Solar Lighting, Swimming Pool, Vastu Compliant, Landscaping & Tree Planting, Gymnasium, Fire Fighting System, Squash Court, Jogging Track, Gated Community, Sports Facility, Lawn Tennis Court, Club House, Entrance Lobby, Yoga / Meditation Area, Barbecue Area, Bar/Chill-out Lounge, Lift(s), Badminton Court, Terrace Garden, Creche/Day Care, Sun Deck, Video Door Security, Restaurant, High Speed Elevators, Multipurpose Hall, Conference Room, Paved Compound, Solar Water Heating, Internal Roads & Footpaths, ATM, Carrom, Power Backup, Billiards / Snooker Table",Cafe / Coffee Bar; Reading Room/Library; Sauna; Party Hall; Cards Room; Amphitheater; Indoor Games; Conference Room; Spa; Luxurious Clubhouse; Rain Water Harvesting; Sewage Treatment Plant; Eco Friendly; Large Green Area; IGBC Certified Building; Gymnasium; Swimming Pool; Kids' Pool; Badminton Court(s); Tennis Court(s); Squash Court; Cricket; Kids' Play Areas / Sand Pits; Yoga Areas; Jogging / Cycle Track; Table Tennis; Snooker/Pool/Billiards; Skating Rink; Golf Putting; Rappelling/Rock Climbing; Power Backup; Restaurant; Treated Water Supply; High Speed Elevators; Medical Facility; Pet Area; 24*7 Water Supply; Automatic Boom Barriers; 24 x 7 Security; CCTV / Video Surveillance; Fire Fighting Systems; Intercom Facility; Video Phone
326229,Amenities - List,"11:Swimming Pool,13:Gymnasium,1:Club House,10:Children's Play Area,3:Theatre,17:Park,40:Amphitheatre,77:Jogging Track,43:Badminton Court,98:Squash Court,47:Basketball Court,96:Skating Rink,4:Yoga/Meditation Area,60:Cricket Pitch,79:Lawn Tennis Court,14:Restaurant,5:Multipurpose Hall,99:Sun Deck,139:Indoor Games,49:Billiards,100:Table Tennis,111:Spa,34:Car Parking,71:Gated Community,18:Paved Compound,64:Earthquake Resistant,36:Vastu Compliant,55:CCTV Camera Security,22:Fire Fighting Systems,137:24x7 Security,113:Pergola,56:Changing Area,92:Salon,33:Lifts,65:Entrance Lobby,21:Intercom,88:Power Back up Lift,23:24/7 Power Backup,70:Garbage Disposal,26:Sewage Treatment Plant,28:24/7 Water Supply,25:Rain Water Harvesting","Club House, Cafeteria/Food Court, Bar/Lounge, Jogging and Strolling Track, Outdoor Tennis Courts, Private Terrace/Garden, Power Back Up, Swimming Pool, Security, Park, Reserved Parking, Visitor Parking, Intercom Facility, Maintenance Staff, Banquet Hall, Gymnasium, Indoor Games Room, DTH Television Facility, Laundry Service, Rain Water Harvesting, Retail Boulevard (Retail Shops), Water Storage, Air Conditioned, Multipurpose Courts, Meditation Area, Private pool, Fingerprint Access, Island Kitchen Layout, Full Glass Wall, House help accommodation, Waste Disposal, Conference Room, Earth quake resistant, Multipurpose Hall, CCTV Camera, Cricket net practice, Half basketball court, Fire Fighting Equipment","Amphitheater, Cricket Pitch, Changing Room, Spa, Skating Rink, Fire Sprinklers, Mini Theatre, 24X7 Water Supply, Car Parking, Indoor Games, Cycling & Jogging Track, Pergola, Shopping Mall, Party Lawn, Sewage Treatment Plant, Intercom, Children's Play Area, Salon, Card Room, Visitor Parking, Party Hall, 24x7 CCTV Surveillance, Reserved Parking, Spa/Sauna/Steam, Banquet Hall, Maintenance Staff, Rain Water Harvesting, Library, 24x7 Security, Cafeteria, Internet / Wi-Fi, Tennis Court, Garbage Disposal, Swimming Pool, Vastu Compliant, Landscaping & Tree Planting, Water Storage, Gymnasium, Fire Fighting System, Squash Court, Closed Car Parking, Jogging Track, Gated Community, Sports Facility, Lawn Tennis Court, Club House, Entrance Lobby, Yoga / Meditation Area, Lift(s), Badminton Court, RO Water System, Sun Deck, Restaurant, Multipurpose Hall, Basketball Court, Paved Compound, Internal Roads & Footpaths, Infinity Pool, Power Backup, Billiards / Snooker Table",Power Backup; Treated Water Supply; 24*7 Water Supply; Lift; Gymnasium; Swimming Pool; Badminton Court(s); Tennis Court(s); Kids' Play Areas / Sand Pits; Basketball; Volleyball; Yoga Areas; Jogging / Cycle Track; Table Tennis; Snooker/Pool/Billiards; Cafe / Coffee Bar; Party Hall; Clubhouse; Indoor Games; 24 x 7 Security; CCTV / Video Surveillance; Fire Fighting Systems; Intercom Facility; Emergency Rescue / Alarms; Rain Water Harvesting; Sewage Treatment Plant; Large Green Area
433611,Amenities - List,"11:Swimming Pool,1:Club House,10:Children's Play Area,72:Gazebo,40:Amphitheatre,77:Jogging Track,47:Basketball Court,87:Pool Table,34:Car Parking,71:Gated Community,64:Earthquake Resistant,36:Vastu Compliant,33:Lifts,23:24/7 Power Backup",Not Available,"Children's Play Area, Waiting Lounge, Entrance Lobby, Swimming Pool, Vastu Compliant, Lift(s), Landscaping & Tree Planting, Water Conservation, Rain water Harvesting, 24x7 CCTV Surveillance, Gymnasium, Video Door Security, Closed Car Parking, Car Parking, 24X7 Water Supply, Multipurpose Room, Senior Citizen Siteout, Gated Community, Indoor Games, Rain Water Harvesting, 24x7 Security, Sewage Treatment Plant, Power Backup, Club House",Power Backup; Restaurant; Treated Water Supply; 24*7 Water Supply; Separate Enrty /Exit Gates; Lift; Cafe / Coffee Bar; Party Hall; Amphitheater; Indoor Games; Conference Room; Gymnasium; Swimming Pool; Kids' Pool; Badminton Court(s); Cricket; Kids' Play Areas / Sand Pits; Basketball; Yoga Areas; Jogging / Cycle Track; Table Tennis; Snooker/Pool/Billiards; Gazebo; 24 x 7 Security; CCTV / Video Surveillance; Fire Fighting Systems; Intercom Facility; Video Phone; Rain Water Harvesting; Sewage Treatment Plant; Large Green Area; IGBC Certified Building
403842,Amenities - List,"11:Swimming Pool,13:Gymnasium,1:Club House,10:Children's Play Area,102:Terrace Garden,17:Park,84:Natural Pond,40:Amphitheatre,77:Jogging Track,43:Badminton Court,47:Basketball Court,60:Cricket Pitch,9:Multipurpose court,99:Sun Deck,139:Indoor Games,111:Spa,93:Sauna,69:Fountain,34:Car Parking,71:Gated Community,18:Paved Compound,115:Internal Street Lights,55:CCTV Camera Security,137:24x7 Security,20:Video Door Security,113:Pergola,33:Lifts,148:DG Availability,88:Power Back up Lift,23:24/7 Power Backup,26:Sewage Treatment Plant,28:24/7 Water Supply","Club House, Bar/Lounge, Swimming Pool, Gymnasium, Indoor Squash & Badminton Courts","Amphitheater, Internet / Wi-Fi, Sauna Bath, Spa, Garbage Disposal, Swimming Pool, Fountains, Fire Sprinklers, Landscaping & Tree Planting, Gymnasium, Fire Fighting System, 24X7 Water Supply, Car Parking, Multipurpose Room, Jogging Track, Senior Citizen Siteout, Gated Community, Indoor Games, Pergola, Sewage Treatment Plant, Club House, Intercom, Security Cabin, Visitor Parking, Lift(s), Party Hall, 24x7 CCTV Surveillance, Sun Deck, Video Door Security, Multipurpose Hall, Maintenance Staff, Solar Water Heating, Rain Water Harvesting, 24x7 Security, Power Backup",24 x 7 Security; CCTV / Video Surveillance; Fire Fighting Systems; Intercom Facility; Gymnasium; Swimming Pool; Badminton Court(s); Tennis Court(s); Kids' Play Areas / Sand Pits; Basketball; Yoga Areas; Jogging / Cycle Track; Table Tennis; Snooker/Pool/Billiards; Party Hall; Indoor Games; Luxurious Clubhouse; Power Backup; Treated Water Supply; 24*7 Water Supply; Lift; Rain Water Harvesting; Sewage Treatment Plant; Large Green Area
425268,Amenities - List,"11:Swimming Pool,13:Gymnasium,141:Mini Theatre,2:Creche/Day Care,10:Children's Play Area,44:Banquet Hall,43:Badminton Court,98:Squash Court,14:Restaurant,80:Library,9:Multipurpose court,85:Party Lawn,139:Indoor Games,111:Spa,34:Car Parking,59:Community Hall,22:Fire Fighting Systems,92:Salon,33:Lifts,65:Entrance Lobby,353:Video Gaming Room","Club House, Jogging and Strolling Track, Power Back Up, Swimming Pool, Lift, Security, Park, Reserved Parking, Service/Goods Lift, Visitor Parking, Intercom Facility, Maintenance Staff, Gymnasium, Indoor Games Room, AEROBICS ROOM, DTH Television Facility, Piped Gas, Rain Water Harvesting, RO Water System, Water Storage, Air Conditioned, Vaastu Compliant, Internet/Wi-Fi Connectivity, AC in each room, Waste Disposal, Earth quake resistant, Kids play area, Activity Deck4, Event Space & Amphitheatre, Fire Fighting Equipment","Children's Play Area, Entrance Lobby, Salon, Spa, Swimming Pool, Fire Sprinklers, Party Hall, Lift(s), Landscaping & Tree Planting, 24x7 CCTV Surveillance, Gymnasium, Video Door Security, Fire Fighting System, 24X7 Water Supply, Car Parking, Multipurpose Room, Senior Citizen Siteout, Community Hall, Gated Community, Rain Water Harvesting, 24x7 Security, Power Backup, Intercom",24 x 7 Security; CCTV / Video Surveillance; Fire Fighting Systems; Intercom Facility; Party Hall; Clubhouse; Indoor Games; Power Backup; Treated Water Supply; 24*7 Water Supply; Lift; Gymnasium; Swimming Pool; Badminton Court(s); Tennis Court(s); Cricket; Kids' Play Areas / Sand Pits; Basketball; Yoga Areas; Jogging / Cycle Track; Table Tennis; Snooker/Pool/Billiards; Rain Water Harvesting; Sewage Treatment Plant; Large Green Area
10356,Amenities - List,"11:Swimming Pool,13:Gymnasium,1:Club House,12:Golf Course,10:Children's Play Area,17:Park,77:Jogging Track,47:Basketball Court,4:Yoga/Meditation Area,8:Shopping Centre,79:Lawn Tennis Court,5:Multipurpose Hall,9:Multipurpose court,85:Party Lawn,34:Car Parking,18:Paved Compound,36:Vastu Compliant,22:Fire Fighting Systems,6:Waiting Lounge,27:Piped Gas,30:Laundry,33:Lifts,31:Property Staff,21:Intercom,23:24/7 Power Backup,28:24/7 Water Supply","Club House, Cafeteria/Food Court, Jogging and Strolling Track, Outdoor Tennis Courts, Cycling & Jogging Track, Power Back Up, Swimming Pool, Lift, Security, Park, Reserved Parking, Service/Goods Lift, Visitor Parking, Maintenance Staff, Bank & ATM, Banquet Hall, Guest Accommodation, Gymnasium, Indoor Games Room, Kids Club, DTH Television Facility, Flower Gardens, Laundry Service, Library And Business Centre, Piped Gas, Rain Water Harvesting, Recreational Pool, Retail Boulevard (Retail Shops), RO Water System, Water Storage, Multipurpose Courts, Meditation Area, Vaastu Compliant, Internet/Wi-Fi Connectivity, Waste Disposal, Activity Deck4, Early Learning Centre, Fire Fighting Equipment","Waiting Lounge, Internet / Wi-Fi, Tennis Court, Swimming Pool, Vastu Compliant, Grade A Building, Landscaping & Tree Planting, Water Storage, Gymnasium, Flower Garden, Fire Fighting System, Golf Course, School, Car Parking, Multipurpose Room, Jogging Track, Gated Community, Piped Gas Connection, Shopping Mall, Lawn Tennis Court, Hospital, Party Lawn, Club House, Intercom, Children's Play Area, Yoga / Meditation Area, Lift(s), Party Hall, Badminton Court, Multipurpose Hall, Basketball Court, Staff Quarter, Paved Compound, Maintenance Staff, ATM, Rain Water Harvesting, Laundromat, 24x7 Security, Power Backup",24 x 7 Security; CCTV / Video Surveillance; Fire Fighting Systems; Intercom Facility; Party Hall; Clubhouse; Amphitheater; Indoor Games; Gymnasium; Swimming Pool; Kids' Pool; Badminton Court(s); Tennis Court(s); Cricket; Kids' Play Areas / Sand Pits; Basketball; Yoga Areas; Jogging / Cycle Track; Table Tennis; Snooker/Pool/Billiards; Skating Rink; Gazebo; Power Backup; PNG; Treated Water Supply; 24*7 Water Supply; Lift; Party Lawn; Rain Water Harvesting; Sewage Treatment Plant; Large Green Area
