index,reference_text
396805,"https://www.prestigeconstructions.com/admin/uploads/investors/financial-performance/2020/q2/q2-fy-2021-investor-presentation-2.pdf  12-08-2027 Possession date udpated RERA added Fact table as per RERA Brochure added Options and floor plan updated from brochure OPTIONS - ONLY THOSE TAKEN WHICH ARE GIVEN IN CARPET AREA, OPTIONS GIVEN AS SALEABLE AREA ARE NOT CONSIDERED  ============== Following Elements Updated by Field (,Brochure,PL,PP,,,,FP  on 03-05-2024)"
374970,https://www.dsrinfra.com/property/dsr-elixir/#  Comprehensive upgrades??   localityas per sales 22 march 2021 possession changed as per sales: 14 nov PL as per sales  only one rera number found on website  as backend is fluctuating deleted imgs are re appearing
436877,No Rera Url
428361,No Rera Url
402421,"No Rera Url ============== Price Panel updated on 12/18/2023 ============== Following Elements Updated by Field (Images,Brochure,PL,,Video,,,FP  on 10-01-2024) ============== Price Panel updated on 08-04-2024"
426532,"USP,  image, fact table, options, ameneties updated LH updated as per discussion with Meenakshi  unable to validate possession MAHA RERA site not working    Upgrade  6-17-2024 NO duplicate builder found not made changes in LH due to reference  "
6554,"http://www.magicbricks.com/newa-garden-airoli-navi-mumbai-pdpid-4d4235303031363231  https://www.commonfloor.com/newa-garden-navi-mumbai/povp-94mf27  https://www.commonfloor.com/newa-garden-ii-navi-mumbai/povp-b89l36  http://www.mumbaipropertyexchange.com/project/newa-garden-airoli-by-newa-group/3284 (not opening)  https://www.proptiger.com/mumbai/airoli/newa-developer-garden-ii-654648   http://property.sulekha.com/newa-garden-in-airoli-navi-mumbai?ref=similarprojects_expiryprojectdetail  http://www.99acres.com/microsite/newa-garden-ii-airoli-skyline-estates-navi-mumbai-residential-property/  phase 2 cant be created as builder not present, only building created.  taking inforamtion of 1 and 2 not taken logo  tower as per master  builder website not found  address as per google  Locality needs to be changed, data entered  units cant be updated as don't know of total phase (both )  floors as per landing page of mumbai property exhange 22+silt taken as not able to count from elevation  sulekha website logo not taken as it is contracting builder name , not able to validate   commercial not ticked as not able to validate from advertiser and single shop is visbile in master, hence marked grocery shop in amenities   https://youtu.be/utAr60gwL3E( not uploaded as it just showing out tower of project)  location map not taken as it has phase 2 logo on it, and updated as 1 project so contradicting Kindly don’t update Page content, its templatized updated by SEO Team"
433763,4/10/2024 SAB creation 5882245 Reference Site:- RERA Builder site:- https://runwalgroup.in/ Rera Site:- https://maharerait.maharashtra.gov.in/project/view/47729 Latlong- Exact/no listing found                                          Fact Table- taken from RERA Possession: As per RERA Options/: will ask for valid source Construction Image/Master Plan/Location plan- not Available Video: Not Available Location Highlights: Updated as per google map USP- As per sales  LH UPDATED AS PER STRICTLY   -----Internal Upgrades----- VV https://runwal7mahalaxmi.in/ -not working Exact LL updated// LH not touched as per reference//Payment plan - Updated as per RERA//video from builder channel// 
440012,sales creation 
376145,"No Rera Url  Options, floor plans removed as per sales 3-Jul-2021  Not considered price list  https://dm9vaecpwvl4g.cloudfront.net/listing_00202106001100130059000000000032/1024x600/shriram-suvilas-palms-in-886-1623482093039.jpg   Builder will send pricing change  ============== Updated by Field (Images,Brochure,PL,PP,Video,LH,, Updated on 18-08-2023) ============== Following Elements Updated by Field (Images,,,,Video,,,  on 09-01-2024) ============== Following Elements Updated by Field (Images,,,,Video,,,  on 24-04-2024)"
418968,"Creation, Sales ticket - 4577460   Builder website not working ________-   google links are not considered  brochure, images, logo ups updated ============== Following Elements Updated by Field (Images,Brochure,PL,PP,Video,LH,,FP  on 02-05-2024)"
403699,"2/2/2023 2667  Reference Site: RERA  Builder site :- https://www.godrejproperties.com/ (no project details)  Rera Site:- https://maharerait.mahaonline.gov.in/PrintPreview/PrintPreview?q=Xyh86m%2fC9pIrx5jZ1sExdGfNwhRmqImr0ZLZAPkD81LBa%2bYPDsyWYtV5aw95QZLZ8atlFXgwFdYttyDoK%2bwQ8ZRu5weS9cWos94sL6pwdXcvxeCrGE3UEk5HAtRlLqhhK37Uuz7HyxrNozeIoQnYG%2bmfc9lqgV37d%2bA42xDfKW0ruvUFXXYIsQ%3d%3d  Latlong- Exact/Listing found  Fact Table- taken from Rera  Possession: As per RERA  Options: As per RERA  Construction Image/Master Plan/Location plan- not Available  Video: Not Available  Payment plan - Updated  Location Highlights: Updated ============== Updated by Field (Images,Brochure,PL,,Video,LH,PH,FP Updated on 15-09-2023) ============== Price Panel updated on 12/19/2023"
379240,"https://www.providenthousing.com/projects/bangalore/sundeck  Comprehensive upgrades??  https://www.99acres.com/provident-equinox-mysore-road-bangalore-west-npxid-r332743 has np live  the r379240 has been created as per sales -NP live  pp on rera: Blank ============== Updated by field ( Pricelist)  ---------------------------------------------------------  Price panel updated as per builder mail  Brochure and images as shared have been updated.  Floor plans, amenities, possession date and status updated  Videos removed as per builder mail"
435755,No Rera Url
88315,"https://www.godrejproperties.com/  https://www.godrejproperties.com/godrejsky/index#  http://www.99acres.com/microsite/skyscraper-realtors-godrej-sky-byculla-mumbai-harbour/   confirmed with builder, RR Builders Ltd is just associated with the project as a construction company**  Possession date updated by info quality  fact table not validated, not changed** ============== Images,Brochure,PL,PP,Video,,,FP Updated on 28-09-2023 ============== Price Panel updated on 1/18/2024"
379927,"https://maharerait.mahaonline.gov.in//PrintPreview/PrintPreview?q=Ed8XoX4jsD+sDvxmHAY3b7yfcXe56NqSDTZ2wPHerOaujc2Vwvfd4i7UZDIZBoqLivb2t+z1V20bnaz42z+Ft1bUib9KFFGEdhH0KU40K62bZ/Afuazpi4s+9WTUiiLdaON8wX/GkbX2NFdI+v1rnvHS+FExe+EsBl+2EhhGhNKYMFPrW/321w== ============== Updated by Field (Images,Brochure,PL,,Video,,,FP Updated on 29-09-2023)"
8130,"Confirmed from builder it is R2M project http://paradisegroup.co.in/miracle_facilities.html LL updated and marked as exact as building found on google map https://www.google.co.in/maps/place/SAI+MIRACLE/@19.0702931,73.0773732,21z/data=!4m12!1m6!3m5!1s0x3be7c1f3f51b4311:0xa5cf28c59ff33901!2sSAI+MIRACLE!8m2!3d19.07029!4d73.077488!3m4!1s0x3be7c1f3f51b4311:0xa5cf28c59ff33901!8m2!3d19.07029!4d73.077488 Project address taken from builder website Possession and launch date taken from proptiger https://www.proptiger.com/mumbai/kharghar/paradise-group-sai-miracle-640629 Specifications taken from builder website Project logo taken from brochure Brochure taken from builder website Unable to confirm project area source so not modified Tower count, floor count and unit count taken from builder website Unable to confirm bank and payplan source so not modified USP taken from builder website Unable to confirm proximity source so not modified Legal approval taken from CF https://www.commonfloor.com/sai-miracle-navi-mumbai/povp-12unqt Amenities taken from CF, verified listings, builder website and brochure Sample flat images taken from verified listing V25710663 Sample flat video taken from verified listing H27548925 https://youtu.be/NSOJPlJMpC4 Real images taken from MB http://www.magicbricks.com/paradise-group-sai-miracle-kharghar-navi-mumbai-pdpid-4d4235303139373831?pt=p"
429968,"sales creation   no listings and duplicity found   railway, shopping, hotel, beach, stadium, golf course, metro, amusement park NA"
413382,"4153881   ============== Images,Brochure,PL,PP,Video,,,FP Updated on 10-11-2023 ============== Price Panel updated on 11-08-2023"
6554,"http://www.happyhomegroup.co.in/Projects/ProjectDetails/36 possession as per builder  brochure contains only floor plans Locality as per sales   Master plan nt found NP slot live All listings mapped Exact lat long updated https://www.google.co.in/maps/place/Green+Signature+Shoppers/@21.1425228,72.7628614,17z/data=!3m1!4b1!4m5!3m4!1s0x3be052796d46f88f:0x56512776a32abca9!8m2!3d21.1425178!4d72.7650501?hl=en  Single image found into Google map  Fact table,possession as per Rera (Although its a real image and possession should be ideally Ready to move but it has been ket as per RERA- as per discussion with sukanya Floor count as per RERA"
433951,No Rera Url
418615,"------Upgrade 13 May 2024---------------- Reference Site: RERA, https://www.ashwinshethgroup.com/portfolio/edmont/  Builder site :-  https://www.ashwinshethgroup.com/  Latlong- Exact/listing found  Fact Table- As per Builder Site  Possession: As per RERA "
430973,https://tricityltd.com/projects/new-panvel/tricity-heritage/  Latlong exact 
332507,"https://www.godrejproperties.com/bangalore/residential/godrej-24/overview  https://rera.karnataka.gov.in/publicDomain/projectDetails?PROJECT_ID=8jILp7fphnnT%2F2g3mfTpkA%3D%3D  lh from brochure and google maps https://www.google.com/maps/place/Godrej+24,+Bangalore/@12.8945477,77.7677383,15z/data=!4m5!3m4!1s0x0:0xe069d198ca5d2dfa!8m2!3d12.8945477!4d77.7677383 ============== Updated by field (Pricelist ,  Floor Plans )"
372347,"https://www.dsmaxproperties.com/ds-max-sahara/  - Exact LL updated, No listing found - Options given on builder site are on super area as confirmed over call. As per builder, only 2bhk are left, there is no 3bhk or any other inventories left out, hence he would not share the size -option as per builder site created, however it is on super area. in regards with the current legal guidelines to keep the RERA registered project only in carpet area, saleble has been ket on carpet, hence size will not be visible on front end , due to absence of carpet area  - Stilt floor plan not taken as Master plan, as no entrance exit visible, master plan on RERA is of black print, not visually clear - testimonial video by builder not taken ============== Updated by field ( ,   ,  Pricelist ,  Payment Plan ,   ,   ,   ,  Floor Plans )   Floor plans taken as per the field data   11-29-2023 USP, Specifications, Brochure updated Video updated, https://www.youtube.com/watch?v=GNtYTEBacCA not updated as video have contact details LH not updated  Locality changed as per builder website ============== Updated by Field (Images,Brochure,PL,PP,Video,LH,PH,FP Updated on 18-08-2023) ============== Price Panel updated on 01-02-2024"
431064,"20/8/2024 Sales creation 5810671   Reference Site:- RERA, https://www.prestigeconstructions.com/nature-is-calling/  Builder site:- https://www.prestigeconstructions.com/ (no project details yet)  Rera Site:- https://maharerait.mahaonline.gov.in/PrintPreview/PrintPreview?q=TJj7Kfjyok72l6fzE9TeQcLDipAN50Ljf6dGtMefF1xjzfQLFZ4%2b3BkEw1yG9uhYfBU618FLb4JU%2fsKCYZJ6EmqD30DDbRzMXM1F5%2fnRoSASJ97aNFTNtVqSYd90WAUsex4OyI9ckr6mkTHJBxFE14wX33kY0C0coSc%2b95AZyBoX7e99E2ONJA%3d%3d  Latlong- Exact/Approx                                                   Fact Table- tower/unit/floor count as per RERA, total area as per website  Possession: As per RERA  Options/: as per RERA (min-max of 3 and 4 BHK0  Location plan- Available  Video: Not Available  Payment plan - Updated as per RERA  Location Highlights: Updated from google map  USP- As per sales   8-29-2024 Brochure and images from brochure updated in the XID could not validate the unit count thus not changed the same  "
425274,"sales - 5198828   L.L. exact  https://www.sai-developer.com/  Could not download brochure, floor plans and cost sheet from website  options given in super area on website, therefore adding max and min sizes as per rera  project logo as per website  amenities as per website  payplan, factables as per rera  LH as per latlong  Default specs added  no other details available"
431693,"Sales - 5822948   L.L. exact  RERA website not working, registration end date taken as project completion date  unable to open project detail page on builder website https://arkadevistas.com/  Project type taken as apartment, elevation image available on the website  LH as per latlong"
403366,"Field Visit ============== Following Elements Updated by Field (Images,Brochure,PL,,Video,,,FP  on 04-01-2024)"
401530,"No Rera Url ============== Updated by Field (Images,Brochure,PL,PP,Video,,, Updated on 21-08-2023) ============== Following Elements Updated by Field (Images,Brochure,PL,PP,Video,LH,,FP Updated on 02-01-2024)"
426755,No Rera Url  Upgrade. RERA not working Brochure not found YT not found Location highlights updated 
426835,"ll exact nl as excavation 0 and progress images show no cons.  -------------------------------------  25/5/2024 Internal upgrade  Reference Site: RERA,  https://tricityltd.com/projects/kharghar/tricity-aspire/  Builder site:- https://tricityltd.com/  Rera Site:- https://maharerait.mahaonline.gov.in/PrintPreview/PrintPreview?q=sqUpc4PJLsUUJt58xxPYsL4TpVj%2bta87FXp1X7286pX%2f2rkgGfHCa9GX7xhq2bdYqZsdtIS1xIVjWl11TlMDppY9dU8B5vF56CzNxshd6oEfruLWdsARMGWk6oq54Dn20vZZgqn1Qe70MZV8K%2fsBuLNNbF3WTzpmMrftNXDZQEcJu2LUhTwYhg%3d%3d  Latlong- Exact/no new listing found                                                   Fact Table- taken from RERA  Possession: As per RERA  Options/: As per website  Construction Image/Master Plan/Location plan- not Available  Video: Available  Payment plan - Updated as per RERA  Location Highlights: Updated/Not Available  USP- As per website "
439902,"Sales Mail https://www.thedeltagroup.co.in/contact-us.php (Project Not Available)  Project Image: Not updated as images seems to be incorrect as per RERA Project has G+5 but Images has more than 5 Units also no other details available to validate the Floor Count and Image  -----------Internal Upgrade-----------VV QR added// images added// exact LL done, LH done// address done// PP from RERA// ---------------------------------------  "
440647,"-------Internal Upgrade------VV No exact LL// amenities done// GF plan does not have main entry, not taken as MP// 15m wide USP from RERA// specs default// PP from performa//options and fp from brochure// ------------------------------   sales RERA creati"
386994,"on downloading brochure pop up comes as Thanks For Visiting Our Page.  https://sumadhuragroup.com/project/aspire-amber/  Comprehensive upgrades?? brochure on rera is all blurr  PP: NOT APPLICABLE ON RERA ============== Updated by field ( ,   ,  Pricelist ,  Payment Plan ,  Videos ,   ,   ,   )"
410150,"No Rera Url ________  options, fp project logo updated  5952449   asked sales to provide relevant USP's  5952449  USP is strictly as per sales"
426299,No Rera Url
402429,No Rera Url
422149,"Creation request - 4918710 (Sauvik Paul) Subject line - ""New Design - SNN Raj Felicity""  Project name taken as per Google Maps and brochure Locality - Thanisandra is the parent locality of Rachenahalli, according to GMaps"
422935,RERA creation project not available on builder website YT not found Exact lat long updated  22/4/2024 Tower count as per master plan and rest as per RERA
426778,"https://maharerait.mahaonline.gov.in/PrintPreview/PrintPreview?q=VG2SwOf3xGf4RSeVkCH4SJWhYra1Mdrh38o3uI%2fN9HdAMw3xSKSOrDs6gmWneZQy%2fti7jO9EWjYhgBZBqiRCqx1wDfPI2598MumSQi%2fLneEgeiMRglBqwdfb2IH78HbYyC%2bc%2fcgFJLErYPKipx2A8aTYp1WKOcMFU2lINcChGtRsk6wJugzrTQ%3d%3d  sales creation   no listings found   no project dupclicity available  mall, beach, stadium, golf corse, metro, office, amusement park NA"
426806,"No Rera Url  5574775  Added details as per brochure  units count is not taken from RERA as there are different property type provided  Project area, floor count, tower count as per brochure and Units as per RERA 13-June-2024 (Story internal check)"
410696,"Floor- Not available Location Plan- Available USP-Not available Amenities-Not available Specification-Not available Elevation Image-Taken from Google  Floor Plan- Brochure  Builder site-https://www.godrejproperties.com/mumbai/residential/godrej-bliss/contactus Project is RERA registered  Images- Elevation from brochure not taken, it is duplicate of google plus half elevation _________  image, usp, amenities , video added  =============================================  Taken LH https://www.google.com/maps/place/Godrej+Bliss/@19.1967385,72.867823,21z/data=!4m6!3m5!1s0x3be7b7d4b46020b9:0xa1deec566142e0ca!8m2!3d19.1967405!4d72.8681086!16s%2Fg%2F11txtq6v13?entry=ttu  ============== Images,Brochure,PL,,Video,LH,, Updated on 04-10-2023 ============== Images,Brochure,PL,,,,, Updated on 13-10-2023 ============== Images,,PL,,Video,,, Updated on 01-11-2023 ============== Price Panel updated on 12-05-2023 ============== Price Panel updated on 01-04-2024 ============== Following Elements Updated by Field (Images,Brochure,PL,PP,Video,LH,,  on 02-05-2024)"
415717,"No Rera Url  --------  27.12.2023  Update as per the sales mail ------------------------------------- 2/1/2024 Internal upgrade  Reference Site: RERA  Builder site :- http://www.bhoodeveloper.com/ (not working)  Rera Site:- https://rera.karnataka.gov.in/projectViewDetails  Latlong- Exact/Approx  Fact Table- taken from RERA  Possession: As per sales (validated via T3)  Options: As per brochure  Construction Image/Master Plan/Location plan- Available  Video: Not Available  Payment plan - as per RERA  Location Highlights: Updated as per google map  ============== Following Elements Updated by Field (Images,Brochure,PL,,Video,,,FP Updated on 02-01-2024) ============== Following Elements Updated by Field (Images,,,PP,Video,,,  on 16-01-2024) ============== Price Panel updated on 17-01-2024  ------- 19th March 2024 Possession date update as per the builder letter. ---------  UC images replaced as per sales ============== Price Panel updated on 22-04-2024"
424098,"https://modernspaaces.com/  sales - 4643931   L.L. exact  Specs as per rera  Factables as per rera  Payplan price list not available  Video available for Engrace not Engrace Vista, both different projects  Amenities as per rera  L.H as per exact latlong  Max and Min option sizes added as per RERA  No other details available  payplan as per RERA  Project images added from google ---------  Locality changed as per sales request, builder website reference ============== Following Elements Updated by Field (Images,Brochure,PL,,Video,,,FP  on 19-04-2024) ============== Price Panel updated on 19-04-2024  7159148  USP's are strictly as per builder's mail"
428351,ll approx as it is giving entire locatlity instead of one point on searching Shree Ram Krishna Garden Mira Road options as per 3d floor plans as those written inside 2d plans are blur builder site na video na  tower count as per rera as itsnot clear only clear images have been added  ================= upgrade 24 june ll exact
429486,Latlong - approx
437068,https://maharerait.mahaonline.gov.in/PrintPreview/PrintPreview?q=w8HR59HJ6LqSp4%2bG0rfC4%2bCdgEBOGyrOEE02cO5glHtMAnIdBnc2oaiBtSeWTHbYgnjJwXTGykMztmh29nuKBDisjzn%2bS2mw60LMlfkha4f4NP9Umb25CFdWWEipNv5%2bCYkPb3VgpSG28b4ZQctJ6hU1FfO0eghq5OS5wXHhvGqWLJE6tQK%2bLg%3d%3d  images are blurr in pxels in brovhure
412072,"RERA  Reference Site: RERA     Builder site :- Not Available     Rera Site:- Available     Latlong- Approx     Fact Table- taken from Rera     Possession: As per  RERA     Options: As per RERA     Construction not Available     Video: Not Available     Pricelist/Payment plan - not available      Location Highlights: Updated ============== Following Elements Updated by Field (Images,,,,Video,,,FP  on 10-05-2024)"
375852,"https://dsmaxproperties.in/skyshubham/  NP slot live   Exact lat-long https://www.google.com/maps/place/DS-MAX+SKYSHUBHAM/@13.0380033,77.7021517,21z/data=!4m5!3m4!1s0x3bae11cc88e603a5:0xdf7db18f662aa4a3!8m2!3d13.0379981!4d77.7022939?hl=en-US  UC taken as per Gmap image   All listings mapped  Certain SBA options sizes mapped into carpet area making the slot live and unable to modify the same as per sales call strictly basis  Floor plans have been taken randomly with all option sizes  https://www.youtube.com/watch?v=paSHIj8GOYw not considered  Below 10% open space not taken ============== Updated by field (Images ,   ,   ,  Payment Plan ,   ,   ,   ,   )  11-29-2023 Brochure updated usp added specs reviewed unit count updated as per Builder site payment plan, price list updated LH  not updated as distance not mentioned ============== Updated by Field (Images,,PL,PP,Video,LH,PH,FP Updated on 04-09-2023) ============== Images,Brochure,PL,,Video,,,FP Updated on 18-12-2023 ============== Price Panel updated on 11/23/2023"
426888,"brochure, images, USP, fact table, logo, ameneties, fact table, possession, and options from RERA updated.  Price list not considered  =================================  Saleable updated to Super built-up area considering approval of Kande Rajneesh, in absence of Jitendra Chauhan  28/5/2024 USP as per website"
425506,No Rera Url  5757198   Factable is added as per RERA  options are added as per the website provided
429460,"Sales creation latlong- approx  =========================================  Full upgrade  Reference Site:- rera and brochure  Builder site :- N/A  Rera Site:- https://maharera.mahaonline.gov.in/  Latlong- Exact  Fact Table- taken from Rera(total area, units, open space) and Brochure (tower and floors)  Possession: As per RERA  Options: As per RERA  Construction Image/Master Plan - not Available  Location plan- Available  Video: Available  Pricelist - Not Available  Payment plan - Updated (rera)  Location Highlights: Updated"
428931,"images, specs, amenities as per sales  Factable as per rera  Locality changed as per sales"
421530,No Rera Url
397833,"Upgrade as on 13/9/2022  Builder site :- https://www.brigadegroup.com/residential/project/brigade-horizon Rera Site:- https://rera.karnataka.gov.in/projectViewDetails Latlong- Exact Fact Table- taken from Rera Possession: As per RERA Options: As per RERA and Brochure Construction Image/Master Plan/Location plan- Available Video: Available Pricelist - Not Available Payment plan - Not Available Location Highlights: Updated ============== Updated by field ( ,   ,  Pricelist ,  Payment Plan ,   ,   ,   ,   ) ============== Images,Brochure,PL,PP,Video,,PH,FP Updated on 07-08-2023 ============== Updated by Field (Images,Brochure,PL,PP,Video,,PH,FP Updated on 07-08-2023) ============== Images,Brochure,PL,PP,Video,LH,,FP Updated on 22-12-2023 ============== Following Elements Updated by Field (Images,Brochure,PL,,Video,,,FP  on 23-04-2024)"
430206,"25 july 24  sales, brochure only had floor plans and  one elevation image builder mentioned was also different hence not uploaded  options not made according to mail  Payment plan rera doc not loading   Fact able from RERA  LH as per : https://www.google.com/maps/place/PRECIOUS+MAJESTIC/@18.9764169,73.0755964,21z/data=!4m6!3m5!1s0x3be7c34fcc6367eb:0x2f7f0f61125b0db7!8m2!3d18.9763361!4d73.0756723!16s%2Fg%2F11ln5qhjcy?entry=ttu&g_ep=EgoyMDI1MDEwNi4xIKXMDSoASAFQAw%3D%3D  https://majestic.preciousgroup.in/  "
424563,https://www.manaprojects.com/residential-projects.php https://skandaavani.com/projects NA Brochure not updated as there is no info about the project ============== Price Panel updated on 19-04-2024
396698,"https://rera.karnataka.gov.in/projectViewDetails https://marstheplanet.in/(nt wrkg) 3bhk+study not found 4bhk+study nt found, 4bhk updated  -----------  Brochure added as per sales  Project logo updated as per sales  Option sizes added as per brochure  Images removed as per sales -----------  Option sizes removed as per sales  Saleable area changed to superarea  Video added as per sales  Total area updated as per website  ------------  Project name, Project logo and possesion date changed as per sales  "
433863,"created as per the discussion with Yogesh sir as project is not searchable on RERA  created as per the certificate only   no options, exact LL, listngs, builder and project duplicity found  no valid USP "
431532,"25/8/2024 Sales creation 5820212   Reference Site:- RERA, https://www.kalpataru.com/mumbai/kalpataru-advay  Builder site:- https://www.kalpataru.com  Rera Site:- Maha RERA not working  Latlong- Exact/listing not able to map due to some error                                                   Fact Table- taken from website  Possession: As per RERA certificate  Options/: will confirm on mail  Location plan- Available  Video: Available  Pricelist/Payment plan - Not Available  Location Highlights: Updated as per google map  USP- As per website"
428221,No Rera Url
420343,"SUPER AREAS CREATED AS CARPET AND NP is live on same no highway found RERA creation Project not updated on builder site YT not found Exact lat long updated Payment plan not updated- incomplete Min max option updated Possession status as per uc image available in RERA, image not updated as too small. Amenities and USP as per RERA  8/1/2023 Internal upgrade  Reference Site: RERA, https://www.concorde.in/antares/, https://www.concordesantares.in/ (not opening)  Builder site :- https://www.concorde.in  Rera Site:- https://rera.karnataka.gov.in/projectViewDetails  Latlong- Exact/no listing found                                              Fact Table- taken from brochure  Possession: As per RERA  Options: As per RERA and sales  Master Plan/Location plan- Available  Video: Available but contain phone number in the end  Pricelist - Updated as per sales  Location Highlights: Updated as per goolge map  ============== Following Elements Updated by Field (Images,,PL,PP,Video,,,FP  on 16-01-2024)  **DO NOT CHANGE COVER IMAGE IN THIS XID ============== Following Elements Updated by Field (,Brochure,,,,,,  on 19-04-2024)  fps are blurr on builder website, unable to read details   description   They provide you with 1BHK,2BHK,3bhk and 4BHK apartments. This project is spanned across a wide area and natural beauty throughout. All of this is situated in a convenient and friendly neighborhood with outstanding amenities. The project is approved by state RERA."
337047,"https://www.gopalanenterprises.com/gopalan-florenza.html https://rera.karnataka.gov.in/publicDomain/projectDetails?PROJECT_ID=Nqry1lz2kw6qd1x528UD%2Bg%3D%3D brochure not downloadable specifications not convertible   https://www.google.com/maps/place/Gopalan+Florenza/@12.8993204,77.5085895,15z/data=!4m5!3m4!1s0x0:0xc4c3c4a3dffc9d96!8m2!3d12.8993204!4d77.5085895  1st USP strictly as per sales ============== Price Panel updated on 17-01-2024 ============== Following Elements Updated by Field (Images,,PL,PP,Video,,,FP  on 30-01-2024) ============== Following Elements Updated by Field (Images,,PL,PP,Video,,,FP  on 30-01-2024)"
433630,Creation as per Rera
437137,No Rera Url
440618,Reference Site: RERA  Builder site :- Not available   Rera Site:- Available   Latlong- Approx (Sales office location is given not considered the same)  Fact Table- taken from Rera  Possession: As per RERA  Options: As per RERA  Construction Image/Master Plan/Location plan- not Available  Video: Available  Pricelist - Updated  Location Highlights: Not Available  Created basis RERA as no other document provided while creation  
429180,"sales creation all info as per sales  -------details update as per sonia mam--------- Name updated - Brochure kept same because Celestria (original name) is also mentioned at the last page of the project New Palm Beach is a codename for new launch of this project Exact LL, 12 LH and address updated// Builder updated//   3/28/25 In consent, the image is update for project name change "
430268,No Rera Url factable as per call  ---------  Video removed   https://www.youtube.com/watch?v=dAVYgmq1V14 
425871,No Rera Url
430928,na
303427,"Mini xid  http://www.vijaya.in/ongoing/aquagreen.php  https://rera.karnataka.gov.in/projectDetails?PROJECT_ID=WneZkW7N%2Fi0grL8PBD3jJg%3D%3D Kindly don’t update Page content, its templatized updated by SEO Team ============== Deactivated-Lapsed Project"
411231,"https://maharerait.mahaonline.gov.in//PrintPreview/PrintPreview?q=bFneE3bsuJIuh2BxYeAOrZ2xwjvZSd0rN+QGWPazcF+Sdb+91jjBUzOIpgc00Xso5n7c6Qxm1QICg4kBM/b4V7bER29kwFYalYbZFjwmQ4CfR38bQ7fxZgYaBRSnGkAZx9FQJupLtd57QEw1nYrNncf2vB1eitxSt/eJprKJCIRi0gF1DibeSg== ============== Price Panel updated on 12/29/2023 ============== Following Elements Updated by Field (Images,,PL,,,,, Updated on 02-01-2024)"
426150,Reference Site:  RERA Builder site :-https://vaswanigroup.com/ Rera Site:- https://rera.karnataka.gov.in/projectViewDetails Latlong- Exact Fact Table- taken from Brochure Possession: As per  RERA Options: As per Brochure Pricelist - Updated Location Highlights: Updated
8072,https://ruparel.in/ariana.html  master plan not found  NP live on 4 options listing error  https://maharerait.mahaonline.gov.in/PrintPreview/PrintPreview?q=ofmKopT6O1LzYYAI9YsDr3nATay3wofzC8pn4lV66uq5id9hkWO4bDDCUbLXlueL09i7cSN6D7xKAsQPi%2fhrvyhu3v1RJpWXEBcjNCBR0Z4Y9q%2bSviAPbAa8m%2fLsncQVSsrzjgwRTtr6Iy8%2fHFc3xfMrRQxvXddFUAnj%2fvqmy8maQ%2fM4R1K3yw%3d%3d
429439,"ll approx,project na on builder site, 2nd image from pdf not considered as its comm. vdo na"
392369,"Exact lat-long https://www.google.co.in/maps/place/DSR+Highland+Greenz/@12.8958863,77.6943003,21z/data=!4m5!3m4!1s0x3bae133e1dbc274f:0x4c526235f3f5dfbb!8m2!3d12.8958863!4d77.6944425  Single image and locality validated with builder call  No listings found   https://www.dsrinfra.com/property/dsr-highland-greenz/#  Floor plans section no info_builder site  ============== Updated by field ( ,   ,  Pricelist ,  Payment Plan ,   ,   ,   ,   ) ============== Updated by Field (Images,Brochure,PL,PP,Video,LH,PH,FP Updated on 21-08-2023) ============== Price Panel updated on 12/19/2023 ============== Following Elements Updated by Field (Images,Brochure,PL,PP,Video,LH,,FP  on 31-01-2024) ============== Following Elements Updated by Field (Images,Brochure,PL,PP,Video,LH,,FP  on 31-01-2024) ---------------  Completion date changed as per sales "
425239,"brochure, images, logo, floor count, 3 options as per mail updated."
419500,brochure na as it requires ph. no. video on builder website has ph.no. mp written but not visible on builder site ============== Price Panel updated on 22-04-2024
428407,"Sales - 5634545   L.L. exact  Specs, images, amenities as per brochure  Floor count as per brochure image, rest factable as per rera, unit count not available  brochure added  payplan as per rera  LH as per latlong  option sizes as oer brochure  Small low quality images not added from brochure  no other details available"
399073,"https://sbrgroup.in/minara.php Updated by field ( ,   ,  Pricelist ,  Payment Plan ,  Videos ,   ,   ,   ) ============== Images,Brochure,PL,PP,Video,,PH,FP Updated on 08-08-2023 ============== Updated by Field (Images,Brochure,PL,PP,Video,,PH,FP Updated on 08-08-2023) ============== Images,,,,Video,,, Updated on 30-11-2023 ============== Price Panel updated on 1/18/2024 ============== Price Panel updated on 29-04-2024  brochure not getting downloaded np live on 2001 duplicate option"
402881,mini xid ============== Price Panel updated on 12/19/2023
420469,"4714611   ll as shared by sales considered for lh ============== Following Elements Updated by Field (Images,Brochure,PL,,Video,LH,,  on 30-04-2024) ============== Price Panel updated on 19-04-2024"
419794,"Consent creation Project not on builder site Amenities image not taken due to quality issue Location plan not added as google map snap shot ============== Following Elements Updated by Field (Images,Brochure,PL,,Video,,,  on 30-04-2024) ============== Price Panel updated on 19-04-2024"
424417,Sales creation Latlong - approx(latlong was present for phase 1 only not for phase 2)  Project area as per builder website. Other fact table updated as per RERA 17-Apr-2024
391740,Upgrade as on 12/9/2022  Builder site :-https://www.sattvagroup.in/bengaluru/residential-projects/sattva-aqua-vista/ Rera Site:- https://rera.karnataka.gov.in/projectViewDetails Latlong- Exact Fact Table- taken from Rera Possession: As per RERA Options: As per RERA Construction Image/Master Plan/Location plan- Available Video: Available Pricelist - Updated Payment plan - Updated Location Highlights: Updated  ============== Updated by field ( LH )
427851,"http://vaishnobuilders.com/ongoingprojects.html not found project details)  Sales - 5600081   L.L exact  Default specs added  images, amenities as per sales  Factable, payment plan as per rera  USP's as per sales  Max min option sizes made as per rera  Open area as per sales  No other details available  --------  Cost sheet updated as per sales   Saleable area changed. approval provided  Locality changed as per sales  11/6/2024 Price list as per sales"
440650,"SALES RERA creation  Reference Site:sales mail  Builder site :- NA  Rera Site:- https://maharerait.maharashtra.gov.in/public/project/view/54253  Latlong- Exact/Approx  Fact Table- taken from Rera, As per RERA Layout taken 36 floors, not sure of tower will confirm sales  Possession: As per RERA  Options: As per RERA, min max  Construction Image/Master Plan/Location plnot Available  Video: Not Available  Pricelist/Payment plan - Not Available  Location Highlights: Not Available   ============================================vs  Not able to validate amenities source therefore made no changes  "
405318,"Brochure not available payment schedule not available  2/5/2023 Options created in super area as per PDF shared by sales Not able to remove duplicate options as its showing config slot is live but there is not  https://www.prestigeconstructions.com/projects/prestige-lavender-fields/ ( Floor plan tab is not working) )  NO field data available  LAT LONG CHANGED https://www.google.com/maps/place/Prestige+Lavender+Fields/@12.9338029,77.7394263,21z/data=!4m6!3m5!1s0x3bae1368da148d67:0x59fc563946ec4be7!8m2!3d12.9338294!4d77.7398582!16s%2Fg%2F11t27nklr_?entry=ttu ============== Images,,PL,,Video,,, Updated on 25-10-2023 ============== Images,Brochure,,,Video,,,FP Updated on 21-12-2023 ============== Following Elements Updated by Field (,Brochure,PL,PP,,,,FP  on 10-05-2024)"
415161,"Reference Site: RERA   Builder site :- Not available  Rera Site:- Available   Latlong- Exact  Fact Table- taken from Rera  Possession: As per RERA  Options: As per RERA  Construction Image/Master Plan/Location plan- not Available  Video: Not Available  Pricelist - Updated  Location Highlights: Updated   ============== Images,Brochure,PL,,,,, Updated on 27-12-2023 ============== Price Panel updated on 12/20/2023 ============== Price Panel updated on 01-08-2024"
428349,8 june  Images from brochure have not been uploaded as the quality was really bad.  Location highlights taken from brochure  Possession from teams  MAHARERA NHI CHAL RHAAAAA
414360,RERA registered. Entrance image slightly hidden. LHs not taken as distances not mentioned in brochure. ============== Price Panel updated on 23-04-2024
422453,"- 3bhk size (2154 sft- carpet 1596 Sft has not been added as per sales mail- As confirmed from Kripa/Mail received - Priya 26th feb 24   RERA creation Exact lat long not found yt not found   not taken images on page no 17, 18 and 19  options as per brochu"
427026,"No Rera Url Duplicate carpet areas not created floor plans too blur to upload LH as per brochure, exact not available"
438068,Majestic Developers
426777,Reference Site : https://rera.karnataka.gov.in/projectViewDetails  Builder site : https://trifectaprojects.com/ ( Not Working )  Rera Site : https://rera.karnataka.gov.in/projectViewDetails  Latlong - Exact  Fact Table - Brochure  Possession : As per Brochure  Options : As per cost sheet  Construction Image/Master Plan/Location plan- Not Available  Video: Not Available  Pricelist/Payment plan - Not Available  Location Highlights: Updated  14/6/2024  UC images uploaded//did not change possession status as project is SAB
396799,"============= Updated by field (Videos) ============== Images,Brochure,PL,PP,Video,,,FP Updated on 07-11-2023 ============== Price Panel updated on 10/30/2023  ---------------------------------------------------  2/1/2024 Internal upgrade   Reference Site"
425823,No Rera Url
426518,"1/5/2024 Internal upgrade  Reference Site: RERA, https://www.dsrinfra.com/property/dsr-courtyard/  Builder site :- https://www.dsrinfra.com/  Rera Site:- https://rera.karnataka.gov.in/projectViewDetails  Latlong- Approx//no listing found                                                   Fact Table- taken from website  Possession: As per RERA  Options/: As per RERA (one size of each config)  Construction Image/Master Plan/Location plan- not Available  Video: Not Available  Payment plan - Updated as per RERA  Location Highlights: Updated as per the lat/long given in RERA  USP- As per brochure "
428040,"1st June 2024 T3 - 5610863  Reference Site: rera, brochure  Builder site :- https://myhnaproperties.com/ (website not accessible)  Rera Site:-https://rera.karnataka.gov.in/projectViewDetails  Latlong- Exact  Fact Table- taken from Rera  Possession: As per RERA  Options: As per RERA  Construction Image - not Available  Master Plan/Location plan- Available  Video: Available  Pricelist/Payment plan - Updated  Location Highlights: Updated"
422868,https://rera.karnataka.gov.in/projectViewDetails sales creation  Project area as per RERA 12-Apr-2024
375851,Sales Upgrade: 141555711  https://triaxisinfraprojects.com/triaxis-splendour/1bhk-2bhk-and-3bhk-flat-for-sale-in-hoskote-bangalore.html https://rera.karnataka.gov.in/publicDomain/projectDetails?PROJECT_ID=oWGdzaoJH37Krmnws4ZOdw%3D%3D ===========================================================================================         
425244,Option sizes created from RERA  27/6/2024 LH strictly as per sales  USP strictly as per sales
305417,"http://amruthashelters.com/completed-projects.html(project tabe not opening) Brochure taken from builder website  https://rera.karnataka.gov.in/publicDomain/projectDetails?PROJECT_ID=kFpN%2FVIufIPblczXTsHEvg%3D%3D  Units not confirmed, tenement count available as per sanctioned floors which which is very low(ie. G+3). Also not taken from typical as typical not available for every floor Price list updated as per sales 5-Apr-2021  Unable to validate all the floor plans. ============== Updated by Field (Images,Brochure,PL,PP,Video,LH,,FP Updated on 18-10-2023) ============== Price Panel updated on 17-04-2024   18 oct: since 1140 does not fall under range of 3bhk, the same not  taken , taking this as consideration that 1586 and 1463 is misprinted as 2bhk (same is considered for 1140 option)  incorrect option 1371, 1336, 1347 has np slot since options are wrongly created min max not considered , only the options mentioned in floor plans has been validated"
205909,"http://www.shreekrupabuilders.com/nandanvanhomes.html  https://www.facebook.com/SHREE-KRUPA-BUILDERS-703044593069913/   *** banks, pd details taken after builder approval fp too blurr to upload ====================================================================================== changes as per sales on 7/7/22  cost sheet and payment plan changed option sizes changed of  2 bhk  795 changed to 794  3 BHK 1142 changed to 1132 1162 changed to 1137 1179 changed to 1144  4 BHK 1566 changed to 1548 -----------------------------------------------------------------------  changes as per sales on 12/7/2022  demo flat images removed elevation images marked as covered image"
430897,"https://maharerait.mahaonline.gov.in/PrintPreview/PrintPreview?q=%2frjAtvF6sG8WSA6gS8gBxGh1k11ffp5gzmkbFI3a8GfR3tOk9mxb03z9sczIvfs%2fQ7oEg6%2bJ03lvtwnpFrEeoAo4biFevMypSXonQZgFCfSfI2ZwKRt2madawt%2bbtVzgJbyf23IpEyAocLhcz5gq%2f7GrCyNFqi9zpNL6OUBtumdoaahztjxd8A%3d%3d  sales creation   no listings found   no project duplicity found  ============================================Uk LL updated// 11 LH added// image naming sequencing updated// USP Edited only// Option sizes created as per sales request hence, not touched."
430246,Reference Site: https://invicta-ulwe.com/  Builder site :- https://invicta-ulwe.com/  Rera Site:- https://maharerait.mahaonline.gov.in/PrintPreview/PrintPreview?q=J39L6sdhBTFFGBhWfBdjDYOwnGXz95nHd46UP6bomwKWnKTE8pVm4ChXr3ZHLtODjcdDMqK8D1VRd9erxp4VRxFf1NVXLd095b%2f0d%2blphui4zCysrhEoZiPwU9dOMUEM2CyCw%2fJpM8UrutE%2fwWjm8ry3FUQIfu35Ll3P2EABTN6w0QAW8HehMw%3d%3d  Latlong- Exact  Fact Table- RERA  Possession: As per RERA  Options: RERA  Master Plan/Location plan- Available  Video: Not Available  Pricelist/Payment plan - Not Available  Location Highlights: Updated 
412178,"Mini Xid  28/2/2024 SAB upgrade  Reference Site: RERA, https://platinumeastwoods.in/  Builder site :-  NA  Rera Site:- https://rera.karnataka.gov.in/projectViewDetails  Latlong- Exact/no listing found                                                   Fact Table- taken from brochure  Possession: As per RERA  Options/: As per RERA/Sales/Brochure  Construction Image/Master Plan/Location plan- Available  Video: Available/Not Available  Pricelist/Payment plan - as per sales  Location Highlights: as per google map  USP- As per sales/website/brochure  ============== Following Elements Updated by Field (Images,,,,Video,,,  on 15-04-2024)"
427272,https://rera.karnataka.gov.in/projectViewDetails
423851,"https://ramsonstrendsquares.in/  sales - 5075060   L.L. approx  Factable, payplan as per rera  video not found  Images, amenities as per brochure  Max Min Options added as per document provided  "
433162,15144 not duplicate to 105413  https://www.neelkamalbuilders.com/# unable to validate details of builder as the site is NA  no project duplicity found  details as per RERA   floor count from brochure and area from RERA   options from RERA created 
428416, Builder site :- https://shraddhaprimeprojects.in/shraddha-park-city/  Rera Site:- https://maharerait.mahaonline.gov.in/Error/UnauthorizedPage Latlong- Exact Fact Table- taken from Rera Possession: As per  RERA Options: As per Brochure Location plan- Available Payment plan - Updated Location Highlights: Updated
427471,No Rera Url
414413, https://arthayabyartha.com/- Floor plan updated from builder site (Priya 7th Feb 2024)     6/9/2023 4255958     Reference Site: RERA  Builder site :- NA  Rera Site:- https://maharerait.mahaonline.gov.in/PrintPreview/PrintPreview?q=E2%2b9HJz0YPJiiHWm5csPlyX2nrXc19CZTn50pq2f8MpxVbcKnKvpdcig1Oi8JR0PK6LS6CbE3do%2fEQxnqsT6GXyaTxv0oHmP3DZPOQx0CMJaiDdPgkdREX0HMH1RyL0b%2bkXLBTTim0%2b84q%2fOfrv9LTIZ4H%2f7g8LvI1WF3vOkdiUjE%2fK5dwT5eQ%3d%3d  Latlong- Exact/no listing  Fact Table- taken from RERA  Possession: As per RERA  Options: As per RERA  Location plan- Available  Video: Not Available  Payment plan - Updated  Location Highlights: Updated 
429967,https://dostirealty.com/project/dosti-willow
403616,Field Visit --------------  sales - 4612477   Plogo updated from brochure  USP's taken from brochure and website  Price list updated as per website  Specifications and amenities updated as per website  Images taken from website   ============== Price Panel updated on 11/29/2023
426710,"Reference Site: RERA Builder site :-  https://www.ishahighlife.com/ not considered as it is not builder's website  Rera Site:- https://rera.karnataka.gov.in/projectViewDetails Latlong- Approx Fact Table- taken from brochure Possession: As per  RERA Options: As per RERA  Construction Image/Master Plan/Location plan- not Available Payment plan - Updated Location Highlights: updated as per brochure , distance taken from exact latlog Relevant images added "
413980,"Tkt- 4191001                         Date-23-8-2023  Created as per RERA  Location- exact  Gmaps URL- https://www.google.com/maps/place/Sri+Balaji+Serene/@13.1118708,77.5700712,21z/data=!4m6!3m5!1s0x3bae19feae363b85:0x47a212b00418765d!8m2!3d13.1118687!4d77.5701053!16s%2Fg%2F11kqfdnwf1?entry=ttu  Project website- https://sribalajistructures.com/  Possession date- from rera  TOP 8 ELEMENTS= 1)Brochure- sales mail  2)Options- have asked sales which options are to be created  3)Images- sales brochure and google map  4) USP- Updated as per sales and removed those which were in brochure  5) Price list-NA  6) Payment plan- updated  7) Videos-NA  8) Location highlights- updated  Project logo-updated  Fact table- updated (floor count taken as per elevation and tower count as per master plan)  Amenities- updated  Bank-na  LAT LONG CHANGED https://www.google.com/maps/place/Sri+Balaji+Serene/@13.1117829,77.5700998,21z/data=!4m6!3m5!1s0x3bae19feae363b85:0x47a212b00418765d!8m2!3d13.1118687!4d77.5701053!16s%2Fg%2F11kqfdnwf1?entry=ttu ============== Updated by Field (Images,Brochure,PL,PP,Video,,PH, Updated on 26-09-2023) ============== Images,Brochure,PL,PP,Video,LH,PH,FP Updated on 03-10-2023 ============== Images,,,,Video,,, Updated on 19-10-2023 ============== Images,Brochure,PL,,Video,,,FP Updated on 11-10-2023 ============== Price Panel updated on 12-12-2023   **************************************** VIDEO CONTAINS NUMBER https://www.youtube.com/watch?v=d7xPmqFCTOo ****************************************** ============== Following Elements Updated by Field (Images,Brochure,PL,PP,Video,,,FP  on 23-01-2024) ============== Following Elements Updated by Field (Images,Brochure,PL,PP,Video,,,FP  on 30-01-2024) ============== Following Elements Updated by Field (Images,Brochure,PL,PP,Video,,,FP  on 30-01-2024)"
421768,"No Rera Url  Since there is no brochure available, Brochure updated from sales request on 7-Mar-2024 ============== Price Panel updated on 22-04-2024"
410757,No Rera Url
407744,"No Rera Url ============== PL, PP, Video, LH updated on 23-05-2023 as per field ============== ,Brochure,,,,,,FP Updated on 19-12-2023 ============== Price Panel updated on 12/13/2023"
425249,No Rera Url  JV is created as per the discussion & as per builder's mail
437900,9/1/25  Creation   Reference Site:- rera and brochure   Builder site:- NA   Rera Site:-https://maharera.maharashtra.gov.in/   Latlong- exact  Fact Table- updated as per rera  specification - updated  Possession - As per rera   Options - updated  Images - updated  Brochure - updated  Amenities - updated   Location Plan - updated  Video: NA   Payment plan - NA  Price list - NA   Location Highlights - updated  USP- updated
411449,"No Rera Url _____  options as per sales updated  Price list and brochure updated as per sales.  ---------------------------------  14/12/2023 Internal upgrade  Reference Site: RERA, https://lavivant.in/  Builder site :- https://atcoprojects.com/(project NA)  Possession: No changes made as it is updated as per sales request  Options/floor: As per sales  Master Plan/Location plan- Available  Video: Available  Pricelist- as per sales (confirmed from T3 ticket)  Location Highlights: Updated ============== Images,,PL,PP,Video,,, Updated on 29-11-2023 ============== Price Panel updated on 12-05-2023 ============== Following Elements Updated by Field (Images,,,,Video,,,  on 27-01-2024) --------------  3BHK and 4BHK apartment Option sizes removed as per sales  ------------  Project name and USP updated as per sales"
375497,"Comprehensive upgrade: 10/5/2022 https://www.concordegroup.in/abode99/luxury-villas-in-sarjapur-road/ Some options are not removed as Floor plans are available.   ============== Updated by field (Images ,   ,  Pricelist ,  Payment Plan ,   ,   ,   ,   ) ============== Images,,,,Video,,, Updated on 25-12-2023"
430664,"Lat long- Exact  ====================================uk LH Already updated//LL not able to validate as project images on G-Maps are not matching hence, not updated //image naming sequencing updated//USP not Found//"
432448,Sales - 5831593   L.L. exact  https://arkadebhandup.com/  Factable as per rera  Default specs  Amenities as per website   
425032,Builder site :-   Rera Site:-   Latlong- Exact  Fact Table- taken from Rera   Possession: As per  RERA   Options: As per Sales not verified   Construction Image/Master Plan/Location plan- Available/not Available   Video: Available/Not Available   Pricelist/Payment plan - Updated/Not Available   Location Highlights: Updated/Not Available   USP- As per sales/website/brochure
141819,"Images strictly as per sales.  ----------  Default specs updated  Amenities added as  brochure  Options changed to super area, saleable already mapped in super area  ---------------------  Imges removed as per sales"
385201,"As per sales - 42522  Possession as per RERA. ------------------------  Project status changed, RERA details show under construction details   ============== Images,Brochure,PL,PP,Video,,PH,FP Updated on 21-08-2023 ============== Updated by Field (Images,Brochure,PL,PP,Video,,PH,FP Updated on 21-08-2023) ============== ,Brochure,PL,PP,Video,LH,, Updated on 08-12-2023 ============== Price Panel updated on 11/30/2023  ------  Video has been removed as per the sales/Builder mail.  ------------------ 1st Feb 24  Images and LH updated as per the sales mail and call discussion. --------------  Brochure added  Amenities, specifications updated as per brochure "
415958,"No Rera Url  ============================================================  Brochure, images, specification, amenities, fact table, logo, USPs updated as shared.   Options haven't been added, as discussed with sales he'll confirm the area type and revert regarding the option sizes  ==========================================  Options as per price list  pl and pp updated"
394931,"Floor Option/ plan- As per RERA/ Floor plan NA, which are there in RERA is a blue print even after filling details cost sheet didn't landed  ============== Updated by field ( ,   ,  Pricelist ,   ,  Videos ,   ,   ,  Floor Plans ) ============== Images,Brochure,PL,,Video,,,FP Updated on 25-12-2023 ============== Price Panel updated on 12-07-2023  https://www.snnrajcorp.com/ongoing-projects/raj-high-gardens you tube is down, unable to upload video"
410449,"Tkt- 4187764  Sales mod.  New property type created -Villa  Villa options created and mapped Floor plans added Amenities updated as per brochure new brochure updated(old and new merged) ============== ,,,,,LH,, Updated on 08-08-2023 ============== Updated by Field (,,,,,LH,, Updated on 08-08-2023) ============== Images,Brochure,PL,PP,Video,,, Updated on 26-10-2023 ============== Following Elements Updated by Field (,Brochure,PL,,,,,  on 10-01-2024)  ------------------------------------ 5/3/2024 SAB upgrade  Reference Site: RERA, https://www.prestigeconstructions.com/residential-projects/bangalore/prestige-park-grove/ https://www.prestigeconstructions.com/residential-projects/bangalore/prestige-park-grove/the-residences/ https://www.prestigeconstructions.com/residential-projects/bangalore/prestige-park-grove/the-willows/  Builder site :-  https://www.prestigeconstructions.com  Rera Site:- https://rera.karnataka.gov.in/projectViewDetails  Latlong- Exact/new listing found                                                   Fact Table- taken from builder website//floor count from master plan  Possession: As per RERA  Options/: As per brochure and website  Construction Image/Master Plan/Location plan- Available  Video: Available  Pricelist/Payment plan - as per field  Location Highlights: Updated as per google map  USP- As per brochure  ============== Price Panel updated on 29-04-2024  np slot live on duplicate options (created on carpet and total carpet areas)"
420851,https://maharerait.mahaonline.gov.in/PrintPreview/PrintPreview?q=x0PAOmraFmKhuPFe5m0RkXW%2fUqdRcRX%2b7xzBnQ5RRDCjHzTKu2Z2R18l0Sx4fcKgkKYfDItrML6seG23sog5CRpENsFBUeraeF4mFXHxI%2f9wE7iB6uRo2HQT8LYiH%2f5XxF%2fThN4uhoQTlt8H6uyxnW30TgD00%2b5WjsVPZuNQ9MdDQppin%2bGRlw%3d%3d  5504917 : Possession status is updated as per builder's website where its mentioned Construction is going on in full swing ============== Price Panel updated on 16-04-2024
414638,"https://maharerait.mahaonline.gov.in/PrintPreview/PrintPreview?q=seiU%2bYDX9jqMxkTzcQSm8p1%2fpeIBk9KkziNi7kc1SU5bqW6iK8CYCJVezoPsDcb7BeyWKNHKGC2CB60fP7yt4JT7Ycz6I1tGqU%2bziR%2blFp%2b5%2bgZGYAK%2fvzglmMMxdmtx4uEZnyF3bvkxz%2bULvLjNwyFCiNLOfhuXLLiEwA4DwejEHtM%2fd%2f6%2bcw%3d%3d  sales creation   no duplicity found   no listings found    google image not taken   PP not found  mall, beach, stadium, golf course, metro, office, amusement park not found  Taken LH https://www.google.com/maps/place/Fortune+Florence/@19.2182314,72.8697602,21z/data=!4m6!3m5!1s0x3be7b7e5481957cb:0x3b088c7830f17d6c!8m2!3d19.2182374!4d72.8696283!16s%2Fg%2F11v3lkwg6n?entry=ttu ============== Images,Brochure,PL,PP,,LH,,FP Updated on 29-12-2023 ============== Price Panel updated on 12/20/2023"
423949,"Reference Site: https://rera.karnataka.gov.in/projectViewDetails  Builder site : Na  Rera Site : https://rera.karnataka.gov.in/projectViewDetails  Latlong- Exact  Fact Table- Brochure/RERA  Possession: As per RERA  Options: Na  Master Plan/Location plan- Available  Video: Not Available  Pricelist/Payment plan - Not Available  Location Highlights: Updated ----------- Possession date changes as per builder mail  -------  Locality changed as per sales, locality mentioned in RERA  18/3/2024 SAB upgrade   Reference Site: RERA, http://www.candeurnovogardenia.com/ (not working)  Builder site :- NA  Rera Site:- https://rera.karnataka.gov.in/projectViewDetails  Latlong- Exact/no listing found                                                   Fact Table- tower count as per master plan, rest details as per copy of layout  Possession: As per builder request  Options/: As per brochure (2BHK removed as per sales request)  Master Plan/Location plan- Available  Video: Not Available  Pricelist/Payment plan - Price list as per sales and PP as per RERA  Location Highlights: Updated as per google map  USP- As per brochure "
427979,"31/5/2024 Sales creation  Reference Site: RERA, https://www.concorde.in/mayfair/luxury-apartments-in-yelahanka/?cstm_ppc_device=c&cstm_ppc_placement=&cstm_ppc_keyword=concorde%20mayfair&cstm_ppc_channel=Google_Ads&cstm_ppc_campaign=SearchBrand&utm_device=c&utm_placement=&utm_keyword=concorde%20mayfair&utm_channel=Google_Ads&utm_campaign=SearchBrand&gad_source=1&gclid=EAIaIQobChMI-7iF6t22hgMVT6RmAh1xcS7lEAAYASAAEgJqoPD_BwE  Builder site :- https://www.concorde.in/  Rera Site:- https://rera.karnataka.gov.in/projectViewDetails  Latlong- Exact/no listing found                                                   Fact Table- taken from website  Possession: As per RERA  Options/: As per the website (options created on total carpet area)  Location plan- Available  Video: Not Available (found a channel with project name, not sure if this is official)  Pricelist/Payment plan - Updated/Not Available  Location Highlights: Updated google map  USP- As per website  *Bedroom image seems stock image "
421123,https://rera.karnataka.gov.in/projectViewDetails  RERA creation   no listings found   exact lat long not available   not duplicate to r382674  PP not considered (given by sales)  min max options from RERA created
426786,https://rera.karnataka.gov.in/projectViewDetails
424444,"23/3/2024 Sales creation 5138836   Reference Site: RERA, https://codenamelottery.com/  Builder site :-  https://www.jpinfra.com/project.php  Rera Site:- https://maharerait.mahaonline.gov.in/PrintPreview/PrintPreview?q=cE8ljyjSMXtlqAxxct49Hq5C1p1UACvSy3NrcsBRC2HQeNmRy09YKlcv8MoDb59scaPBszzgMe6ipe%2bSBfThgg8EQB3sarWKpcZ2UxwiRw3%2bRZG84CaG7lUdl1gi1zfE%2b4rvxsdvDbyvfts0txaadtdWNw%2bsdOcWaPIXh6%2fLLGZ%2fg0vdRnxKcg%3d%3d  Latlong- Exact/no listing found                                                   Fact Table- taken from RERA  Possession: As per RERA  Options/: As per RERA/Sales/Brochure  Construction Image/Master Plan/Location plan- Available/not Available  Video: Available/Not Available  Pricelist/Payment plan - Updated/Not Available  Location Highlights: Updated/Not Available  USP- As per sales/website/brochure   =============================================  7th May 2024 Element Penetration (full upgrade)  Reference Site:- RERA  Builder site :- https://www.jpinfra.com/project.php (project not accessible on website)  Rera Site:- https://maharera.mahaonline.gov.in/  Lat/Long- Exact  Fact Table- taken from Rera (Open space not added because its 7%, i.e. less than 10%)  Possession: As per RERA  Options: As per RERA  Construction Image/Master Plan/Location plan- not Available  Video: Not Available  Pricelist - Not Available  Payment plan - Updated  Location Highlights: Updated "
441140,"https://www.avpearls.com/  https://maharerait.maharashtra.gov.in/public/project/view/54223  no project, builder dulcity found   no listings   RERA options not created asked for saleable for site options  -----------Internal Upgrade----------VV BW: https://www.avpearls.com/ Exact LL as per gmaps// address updated// LH added all// Possession, QR from RERA// Factable from layout doc RERA// Image sequencing updated// PP and PL sent to concerned team,  --------------------------------------  "
403086,"Field Visit+usp const images as per field-latest hence builder imag is of 1st may not updated brochure as per sales https://www.sattvagroup.in/residential/sattva-bliss/  np live on carpet areas ============== Images, Video, LH updated on 24-05-2023 as per field ============== Images,Brochure,PL,PP,Video,LH,,FP Updated on 06-10-2023 ============== Images,Brochure,PL,PP,Video,,,FP Updated on 26-10-2023 ============== Images,,PL,PP,Video,,, Updated on 12-12-2023  Option sizes remain unchanged."
429182,project not available on builder site
391738,"Builder name has been changed from Trinayani to Sattva after sales request  Upgrade as on 12/9/2022  Builder site :- https://www.sattvagroup.in/bengaluru/residential-projects/sattva-aeropolis/ Rera Site:- https://rera.karnataka.gov.in/projectViewDetails Latlong- Exact Fact Table- taken from Rera Possession: As per RERA Options: As per RERA Construction Image/Master Plan/Location plan- Available Video: Available Pricelist - Updated Payment plan - Updated Location Highlights: Updated  ============== Updated by field (Floor Plans ) ============== Updated by Field (Images,,PL,PP,Video,LH,PH, Updated on 23-08-2023) ============== Images,,PL,PP,,,, Updated on 30-11-2023 ============== Price Panel updated on 11/24/2023 ============== Following Elements Updated by Field (Images,,PL,PP,Video,,,  on 11-05-2024)"
441521,Newspaper creation
366854,"https://www.arvindsmartspaces.com/projects/arvind-bel-air/  locality as per sales 20.1.21 Comprehensive upgrades??  the price list doc is from sales const imgs : NA on builder website np live on super built up area ============== Updated by field ( Pricelist) ============== Images,Brochure,PL,PP,Video,,,FP Updated on 10-11-2023 ============== Price Panel updated on 10/30/2023"
426926,No Rera Url  Reference Site:- rera and website  Builder site :- https://www.casagrand.co.in/residential/ongoing-projects-bengaluru-electronic-city/casagrand-vivacity/  Rera Site:- https://rera.karnataka.gov.in/  Latlong- Exact  Fact Table- taken from Brochure  Possession: As per RERA  Options: As per website  Construction Image - not Available  Master Plan/Location plan- Available  Video: Available  Payment plan - Not Available  Pricelist - updated (website)  Location Highlights: Updated  brochure not available
418790,https://maharerait.mahaonline.gov.in//PrintPreview/PrintPreview?q=/LGkLgYSNVwlfzAJ66hgbFuaDBAmBKOfQhgveXvv+XZbmxikyLz/RqBT+GdghtVRzLUEK0MZ/ZH0YTfyBJ1Ogp70o+8HJW9Zphf929AMiBg2XMCzmUlfq/8MCSl3Ls+eBynsriJ3K259BWYeEMtH3KMgsmtAiJUzRmGA18KYbM/LRfZ6PoSI5g==
433352,"Reference Site: RERA   Builder site :- Not available   Rera Site:- Available   Latlong- Exact  Fact Table- taken from Rera (Unable to find Units)  Possession: As per RERA  Options: Asked from sales  Location plan- Available  Video: Not Available  Pricelist - Updated  Location Highlights: Updated taken headings from brochure   USP not found, updated the relevant one  USP as per sales. "
433808,https://maharerait.maharashtra.gov.in/project/view/47654  no exact lat long found   BS not working   options not validated not created  no listings and project duplicity found   Project area updated as per brochure 18-Oct-2024  ==================vs  Builder site - https://www.supremeboulevard.com/
394748,No Rera Url
427907,"30th May 2024 T3 - 5600517  Reference Site:- RERA and Brochure  Builder site :- https://www.brigadegroup.com/ (Project page is not accessible)  Rera Site:- https://rera.karnataka.gov.in/projectViewDetails  Latlong- Exact  Fact Table- taken from Rera  Possession: As per RERA  Options: As per Sales Insignia, shared by sales  Construction Image - not Available  Master Plan/Location plan- Available  Video: Available (only 1 video added, others seemed to be short ads)  Pricelist/Payment plan - Not Available (% is not mentioned in the pp in rera)  Location Highlights: Updated  images with human figures, and low quality images not considered"
424154,No Rera Url
427058,Creation Exact lat long not found  Builder site : https://jpinfra.com/codenamestarlife/index.php  tower count as per elevation
379399,"https://www.sattvagroup.in/location/bengaluru/residential-projects(project NA) https://rera.karnataka.gov.in/publicDomainLoginPage?project=CeQOwW%2FzxaBSGQJh1PaTqQ%3D%3D nilanchal dwellings is the promoter  ============== Images,,PL,PP,Video,,PH, Updated on 07-08-2023 ============== Updated by Field (Images,,PL,PP,Video,,PH, Updated on 07-08-2023)"
430075,18/7/2024 Prelaunch creation 5740755   Option created on super area without RH approval as this is a new launch//discussed with Yogesh sir Source: https://www.newprojectbangalore.com/prestige-raintree-park.html  26+ options in brochure hence only taken 4 each from one config.   Fact table updated as per brochure and RERA. Also 's' removed from kms in LH 29-Aug-2024   29-8-2024 https://www.youtube.com/watch?v=YpdYgg8hyKo  Video link available on youtube but not able to update due to error in portal
426925,No Rera Url  Fact table as per RERA 24-May-2024 possession as per discussion: 24/5/2024
437293,RERA creation exact latlong
435092,No Rera Url
382996,"----OTRS form creation #1716 23/11/21---- https://regentsparkkharghar.com/ ============== Elements updated as per filed visit on 21-10-2022 (Images, Pricelist, Payment Plan, Video, Floor Plans, ) ============== Images,Brochure,PL,,Video,,PH, Updated on 30"
406621,"RERA certificate received  Pre Launch ============== Images, Video, PH updated on 15-05-2023 as per field ============== Images, Video updated on 29-05-2023 as per field ============== Images, Video updated on 29-05-2023 as per field  25/9/2023 Internal upgrade by Ashish  Reference Site: RERA, https://www.casagrand.co.in/residential/ongoing-projects-bangalore-talaghattapura/casagrand-zaiden/  Builder site :-  https://www.casagrand.co.in  Rera Site:-  https://rera.karnataka.gov.in/projectViewDetails  Latlong- Exact/listing found  Fact Table- taken from Rera  Possession: As per RERA  Options: As per brochure  Master Plan/Location plan- Available//did not remove site view images as uploaded by field team and no latest UC images found  Video: validated from website  Pricelist/Payment plan - Not able to validate.//Payment plan validated from brochure  Location Highlights: validated from google map  Unable to validate all the floor plans ============== Images,,PL,PP,Video,,, Updated on 26-09-2023 ============== Images,Brochure,PL,PP,Video,LH,, Updated on 30-11-2023"
425713,"As this is a new launch tower and builder wanted to advertise it separately, sales wanted a new XID.  Website: https://www.kalpataru.com/thane-west/primera  Option sizes via builder's mail Option size 690 was actually 695 and have updated it accordingly ============== Following Elements Updated by Field (Images,Brochure,PL,,Video,LH,PH,FP  on 07-05-2024)"
414637,"Reference Site: Builder site :-https://www.lakshdeepgroup.com/ongoing-projects/  Rera Site:- 2fveQK3EnSsHUmcFyqwbHXrArJJhgPo82LHxxt02b2RjWp6Is8mMDhrWCAVkc7Eo9xi96Yq0VZzZYFCCJrM6Q8aCR0ploygjujGzUR29qf9gbMsfzSfK9NCGev   Latlong- Approx  Fact Table- taken from Rera  Possession: As per RERA  Options: As per Brochure   Video:Not Available  Pricelist/Payment plan - Updated  Location Highlights: Not Available  Taken lat-long as per field LH https://www.google.com/maps/place/18%C2%B058'12.1%22N+73%C2%B004'19.3%22E/@18.970044,73.0719387,21z/data=!4m4!3m3!8m2!3d18.9700278!4d73.0720278?entry=ttu ============== Images,Brochure,PL,,Video,,, Updated on 06-11-2023 ============== Price Panel updated on 12-08-2023"
8044,"bhk frm rera and floor plan http://krishnaresidences-andheri.in/ called on 9167723483(mani) confirmed tower floor unit pro area images already there option from rera also otpino from vuidler site buit it is in the carpet area only as per my knowledge it should be in super area but as slot is live and i m unable to delete the same so i havent touched option just uplaoded floor paln against it Kindly don?t update Page content, its templatized updated by SEO Team  ============================================================================================================ fact table as per rera  option size from rera verified and few not validated but np slot live so cannot be deleted ============== Price Panel updated on 12/28/2023"
426743,No Rera Url  Upgrade Details taken from https://www.kamdhenugrandeur.com/ not able to download brochure  not updated options from website 
386987,"https://dsmaxproperties.in/sukruth/ ============== Updated by field ( ,   ,  Pricelist ,   ,  Videos ,   ,   ,  Floor Plans ) ============== Updated by Field (Images,Brochure,PL,PP,Video,LH,PH, Updated on 30-09-2023) ============== Price Panel updated on 12-05-2023"
23442,"https://www.snnbuilders.com/upcoming-projects/  No Project Details available Kindly don’t update Page content, its templatized updated by SEO Team Kindly don’t update Page content, its templatized updated by SEO Team Kindly don’t update Page content, its templatized updated by SEO Team Kindly don’t update Page content, its templatized updated by SEO Team Kindly don’t update Page content, its templatized updated by SEO Team   Floor plan updated as per the field data Hence, unable to find all the floor plans ============== Updated by Field (Images,Brochure,PL,PP,Video,LH,PH,FP Updated on 22-08-2023) ============== Price Panel updated on 12-07-2023  Unable to validate all the Floor Plans ============== Following Elements Updated by Field (Images,Brochure,PL,PP,Video,LH,,FP Updated on 02-01-2024)"
427590,"No Rera Url  =======================  brochure added  Options as per brochure  fact table as per rera (units and area) and brochure (tower, floor)"
416670,"video removed on product request to add new www.youtube.com/watch?v=wM_uOiYbzV8&t=90s    sales - 4392450 website - https://www.casagrand.co.in/apartments-villas-plots/ongoing-projects-bangalore/ Banks not provided Details taken from builder mail and documents provided Video and images provided  More than 15 options hence not created more added floor plans to already created options  ============== Images,Brochure,PL,PP,Video,,,FP Updated on 14-11-2023 ============== Price Panel updated on 11/24/2023 ============== Following Elements Updated by Field (Images,,PL,,Video,,,  on 27-01-2024)"
430082,https://rera.karnataka.gov.in/projectViewDetails  sales creation   no listings found   fact table as per brochure  2 blocks are taken as 2 towers.  asked for options confirmation   after scanning the QR code only the certificate opening  ---------  total area updated as per website  
429184,Lat long- Exact Stock images not uploaded
434869,No Rera Url
428714,Sales creation latlong- aprrox creation as per rera  5686411   Maharera is not working
97522,"Reference Site: RERA   Builder site :- na  Rera Site:- https://maharerait.mahaonline.gov.in/PrintPreview/PrintPreview?q=Q545wfPD7USEMLEA0OPdz3FLKbNo06P0DC1y1wWo0AStnm4bD1ZzI0SrkuAd0vDqL7cMzq%2f2k%2bD7Q40jlQX%2bIV4ye%2bGLkyIMZNSZ%2fqmLHQSbTyVvSE7UX7CQjUNa3hDA0cBVBbRozVa4%2bore6JKSHGPVdV3N8itov2k%2fUEN8rW5GUY4icHo8pQ%3d%3d  Latlong- Exact\  Fact Table- taken from Rera  Possession: As per RERA  Options: As per Sales  Construction Image/Master Plan/Location plan- Available  Video: Available  Pricelist/Payment plan - Updated  Location Highlights: Updated/Not Available ============== Updated by Field (Images,,PL,,Video,LH,,FP Updated on 19-10-2023) ============== Price Panel updated on 11/28/2023  Unable to validate all the floor plans ============== Following Elements Updated by Field (Images,,PL,,,,,  on 08-04-2024) ============== Following Elements Updated by Field (Images,,PL,,Video,LH,,FP  on 03-05-2024)"
70262,"----------------------------------------------------- http://www.puranikaarambh.in/ - unofficial, not considered https://www.puranikbuilders.com/ not contain project all info from bro only add from exact lat long while adding listings some error occurs bu"
418319,"4510948   Buidler site and sale agreement not opening   21/11/2023 Internal upgrade  Reference Site: RERA, https://www.brigadegroup.com/residential/project/brigade-sanctuary, https://www.brigadesanctuary.com/ (not working)  Builder site :-  https://www.brigadegroup.com/  Rera Site:- https://rera.karnataka.gov.in/projectViewDetails  Latlong- Exact/no listing found  Fact Table- taken from Rera  Possession: As per RERA  Options: As per brochure  Master Plan/Location plan- Available  Video: No changes made in videos as same are updated as per sales request  Pricelist- Updated as website  Location Highlights: Updated  Amenities view updated 12-Dec-2023(https://www.youtube.com/watch?v=A54o9w7mKX4)  --------------------------------------------------------------------------  24/12/2023 Internal Upgrade  Reference Site: RERA, https://www.brigadegroup.com/residential/project/brigade-sanctuary, https://www.brigadesanctuary.com/  Builder site :-  https://www.brigadegroup.com/  Rera Site:- https://rera.karnataka.gov.in/projectViewDetails  Latlong- Exact/listing found  Fact Table- taken from Rera  Possession: As per RERA  Options: As per brochure  Master Plan/Location plan- Available  Video: videos in youtube has phone number  Pricelist- Updated as field team  Location Highlights: Updated as per google map ============== ,Brochure,PL,,,,,FP Updated on 29-11-2023 ============== ,,PL,,,,, Updated on 26-12-2023 ============== Price Panel updated on 11/29/2023 ============== Price Panel updated on 17-01-2024 ============== Following Elements Updated by Field (Images,,PL,,Video,,,  on 27-01-2024)"
434535,"Mail from sales, rera"
435543,Reference Site: https://maharerait.mahaonline.gov.in/PrintPreview/PrintPreview?q=DQGBmcH2ajuPvc7BEBLcixwwKaJ3yQ7MPCPi5ccyWUyzy4Z83JfqxaV2DRd79skYMoh5gM581%2bSLhmuYWxJ3PINVNeZ2OerUoRUJfPS9rojRTGm61pkv50jTJ3BN6KDWSEXhKJxiEydQM4l5rIOPiH3wzAZcsm5CR%2fyy1jKWsHfcS%2bS0%2bH5cYQ%3d%3d  Builder site :-Many websites / not sure  Rera Site:- https://maharerait.mahaonline.gov.in/PrintPreview/PrintPreview?q=DQGBmcH2ajuPvc7BEBLcixwwKaJ3yQ7MPCPi5ccyWUyzy4Z83JfqxaV2DRd79skYMoh5gM581%2bSLhmuYWxJ3PINVNeZ2OerUoRUJfPS9rojRTGm61pkv50jTJ3BN6KDWSEXhKJxiEydQM4l5rIOPiH3wzAZcsm5CR%2fyy1jKWsHfcS%2bS0%2bH5cYQ%3d%3d  Latlong- Exact  Fact Table- RERA  Possession: As per RERA  Options: RERA min Max  Construction Image/Master Plan/Location plan- Not Available  Video: Not Available  Pricelist/Payment plan - Not Available  Location Highlights: Updated 
407935,"https://www.google.com/maps/place/Sowparnika+Life+On+The+Green/@12.8006176,77.7854682,21z/data=!4m6!3m5!1s0x3bae73d935719c95:0x74f652f62430951d!8m2!3d12.8006875!4d77.7856875!16s%2Fg%2F11txfs8jbm  http://sowparnika.com/life-on-the-green/  No listing found   27/5/2023 Builder is advertising options under 5BHK hence created options under 5BHK (as per layout these are 4 BHK but Home office can be used as 5th bedroom)   LAT LONG UPDATED  https://www.google.com/maps/place/Sowparnika+Life+On+The+Green/@12.8004924,77.7855479,21z/data=!4m6!3m5!1s0x3bae73d935719c95:0x74f652f62430951d!8m2!3d12.8004421!4d77.7855862!16s%2Fg%2F11txfs8jbm?entry=ttu ============== Images,Brochure,PL,,Video,,, Updated on 26-10-2023 ============== Images,,,,Video,,, Updated on 15-12-2023 ============== Price Panel updated on 12-06-2023  --------------  Locality changed as per sales, locality present in google address ============== Following Elements Updated by Field (Images,,PL,,Video,,,  on 10-05-2024)"
324633,"Comprehensive upgrades??  ---------------------------- project name changed as per sales request - 3rd june 2020 ------------------- https://www.puravankara.com/residential-projects-bangalore/purva-atmosphere   all the option size created from RERA doesnot include balcony and tarrace area.   Locality updated as per sales// 8 jan 2020 ====== PD as per sales 21.5.2020  All listings mapped  builder prefix nt taken as discussed with sales  ============== Updated by field (Floor Plans ) ============== ,Brochure,PL,PP,,LH,PH, Updated on 09-11-2023"
425507,"Brochure added  Specs, factable, amenities, project logo added as per brochure  Images as per website and brochure  USP as per brochure  LH as per exact latlong  Payplan/ pricelist as per rera and website  Max and min options added as per brochure (more than 15 options available)"
424907,"vdo, bro. na"
430085,no listings found   sales creation   no project duplicity was found  unable to fetch details from maps due to internet issue 
420665,"No Rera Url   Modification 2-06-2024  Brochure and details from brochure updated not taken home theatre and common space images  Payment plan not available on RERA ============================================ uc updated as per sales request and image on rera  ==================================================  Project name updated as per brochure  Images added as per sales(few irralevant images not considered, and low quality images replaced with high quality images)  USPs added"
426929,No Rera Url  5600798   Changes are done as per brochure
86837,https://www.commonfloor.com/nahar-lilac-laurel-mumbai/povp-zik0y9  https://www.proptiger.com/mumbai/powai/nahar-laurel-and-lilac-642233  https://www.realtycompass.com/property-view-nahar-laurel-and-lilac-by-radius-group-in-mumbai  http://www.nahargroup.co.in/  Builder site does not have project  (Not taken elevation image from realtycompass as it is contradictory)  Possession date and no of units as per proptiger  Number of tower and floors are from commonfloor (Block considered as tower)
8678,"Possession status updated by info quality team  http://paradisegroup.co.in/riverdale_overview.html  http://property.sulekha.com/paradise-sai-riverdale-in-taloja-navi-mumbai  https://www.proptiger.com/mumbai/taloja/paradise-group-sai-riverdale-649921  https://housing.com/in/buy/projects/page/8257-sai-riverdale-by-paradise-group-in-taloje  https://www.commonfloor.com/sai-riverdale-navi-mumbai/povp-u92dii  https://www.realtycompass.com/property-view-paradise-sai-riverdale-by-runwal-group-builders-in-mumbai  -No options found on builder website, not deleted the existing ones. -Units taken from proptiger. -Possession unchanged as per the earlier ref. -D.B has been considered as balcony. -Floors as per the write up. ___________________ JHANVI  http://www.paradisegroup.co.in/sai-riverdale-overview.html  fact table as per write up  unable to validate options ======================================================================== fact table as per write up  unable to validate options"
389272,"tkt-66668             22-4-2022  RERA Creation Unable to open the brochure from RERA web Fact table as per RERA Open area- as per RERA  Unable to open the sales agreement from RERA web Links that were provided by sales team- https://fromsmash.com/iHekHJSw07-dt  (images) https://www.webcargo.net/d/21159711/psYj14Km9I/(brochure)  Mapping as per Build up area- approval received  Option size- from sales mail and builder website Requested sales to provide the missing details: Brochure  Video Price list and payment plan Possession date changed as per builder mail ============== Updated by field ( ,   ,  Pricelist ,  Payment Plan ,  Videos ,   ,   ,  Floor Plans ) ================================================ possession date not changed https://rera.karnataka.gov.in/projectViewDetails 40 UC images available, only 8 updated which shows maximum construction https://www.casagrand.co.in/residential/ongoing-projects-bangalore-kengeri/casagrand-aquene/ slot live on built up, options added on built up only ============== Price Panel updated on 12-06-2023"
428718,"https://maharerait.mahaonline.gov.in/PrintPreview/PrintPreview?q=R%2bpG6K6l%2fycBfRFU9hV96ElzlagaKimxTG%2fN3JZSZe6%2bYOzza9xd1v1mZYJs58ovQGeLEaSOn6mqkmMllYzdUTQvF8KeaMRHH8c23WBwzMthVGFzDWydyFwu5Lmm24hZiqfWBC%2f3kR9fVkW1mmX2aVyaA%2f%2btQBgUFtwCfh9EHL58aMnxpnxJ%2fA%3d%3d  Upgrade No payment plan  found no YT found Brochure not found not updated unit count as was irrelevant   https://www.google.com/maps/place/19%C2%B007'49.1%22N+72%C2%B048'47.6%22E/@19.1302993,72.8125787,19z/data=!3m1!4b1!4m4!3m3!8m2!3d19.130298!4d72.8132224?hl=en-US&entry=ttu LH updated as per this pin  ----------  Location map removed as per sales  1 img added in others section as per sales"
386991,"No Rera Url ============== Updated by field ( ,  Brochure ,  Pricelist ,  Payment Plan ,  Videos ,   ,  PH ,  Floor Plans )"
59796,"https://www.chandakgroup.com/34parkestate/  Tower count as per sales/ and builder mail ============== Elements updated as per filed visit on 03-11-2022 (Images, Pricelist, Video, ) ============== Price Panel updated on 12/28/2023"
421898,No Rera Url  26-9-2024  Reference Site: Builder Website  Builder site :-  https://bhphousingfalcon.com/  Rera Site:-  Latlong- Exact  Fact Table- Brochure  Possession: As per Sales/ RERA  Options: As per RERA/Sales/Brochure  Construction Image/Master Plan/Location plan- Available/  Video: Not Available  Pricelist/Payment plan - Updated  Location Highlights: Updated as per brochure 
260686,"https://www.brigadegroup.com/residential/project/brigade-laguna  https://www.brigadelaguna.com/  RERA website could not be accessed.   only 2 Videos taken from youtube.  screen recording doesn't work for the system  NP liveon all options Comprehensive upgrades??  ============== Updated by field ( ,   ,  Pricelist ,  Payment Plan ,   ,   ,   ,   ) ======================= google bard-  No of images uploaded-15 URL-""https://www.brigadegroup.com/residential/project/brigade-laguna""  ============== Images,,PL,PP,Video,LH,, Updated on 10-11-2023 ============== Price Panel updated on 12-12-2023 ============== Price Panel updated on 22-04-2024"
441722,"4/4/2025, r441722  Reference Site:- Builder site, Brochure and Rera   Builder site:-https://www.rustomjee.com/residential-property/rustomjee-prive-bkc-annexe/   Rera Site:-https://maharerait.mahaonline.gov.in/SearchList/Search   Latlong- Exact  Fact Table- taken from Rera (unit count NA)   Possession: As per RERA   Options/: As per RERA   Construction Image/Master Plan/Location plan- Available  Video: Not Available   Pricelist/Payment plan - NA    Location Highlights: Updated   USP- As per sales/website/brochure   "
435520,sales creation  ----------Internal Upgrade-----------VV https://satyamrealtygroup.com/ Project not available on Builder site at time of upgrade//  factable from RERA// exact LL as per LP//number removed brochure// address update WDRA// PP from RERA// Options from RERA// --------------------------------------- 
437982,Brochure updated - from field data   11/1/2025 5999981   Reference Site:- RERA  Builder site:-  https://nova10.life/ (not working)  Rera Site:- https://maharerait.mahaonline.gov.in/PrintPreview/PrintPreview?q=DRmjuyBVG0utMRdXsP78Izo8ftSr1BXE2FbepeOzMxz801i8zNmICuG6vyzlDunSb1Qw0wnjWaDaUvLtmBivL495pSPzxFJpUV%2fE%2bu0W9GusS0qeNGeDvzwuza0mg6qyfMQw%2bV6dZCGGLZFHaeDUrZMfCR33kVDcssJZV6Ij5ADs84qxPNdn3w%3d%3d  Latlong- Exact/no listing                                                   Fact Table- taken from RERA  Possession: As per RERA  Options/: As per RERA  Construction Image/Master Plan/Location plan- not Available  Video: Available  Payment plan - Updated As per RERA  Location Highlights: Updated/Not Available  USP- As per video  Images and amenities as per video 
385178,"No Rera Url  Exact lat long  https://www.google.com/maps/place/Nambiar+Millenia/@12.8397758,77.7307927,21z/data=!4m5!3m4!1s0x3bae6d78149f36ab:0x2b1e40842fd4ec7b!8m2!3d12.8398284!4d77.7306696   No images found   All listings mapped  Certain options unable to remove as slot live into built up area   https://www.nambiarbuilders.com/millenia/  Unable to access the vimeo video ============== Updated by field (Payment Plan)  ----------------  Options updated as per cost sheet provided with builder consent  Cost sheet updated  ----------------  ============== Updated by Field (Images,Brochure,PL,PP,Video,,PH,FP Updated on 21-08-2023) ============== Images,,PL,,Video,,, Updated on 25-12-2023 ============== Price Panel updated on 12-05-2023 ============== Following Elements Updated by Field (,Brochure,PL,PP,,,,  on 22-04-2024)"
423236,"26/2/2024 Pre launch creation 5033323   27/2/2024 Options created without valid source as project is inactive SAB ============== Following Elements Updated by Field (Images,Brochure,PL,PP,Video,,,FP  on 15-04-2024)"
440605,RERA creation-5/3/2025 -------------------------  Fact table: Updated from RERA
424433,"Locality changed as per sales ============== Following Elements Updated by Field (,Brochure,PL,PP,,,,FP  on 03-05-2024)"
423416,"sales - 5045343   L.L. exact  video found on youtube but contact present  https://www.youtube.com/watch?v=Kw4CZmqDqqc  Factables, USP, amenities, specs, images as per brochure  L.H as per exact latlong  Options as per brochure  Option floor plans not added as super builtup area mentioned on floor plan, sales confirmed to give RH approval Added options in carpet area for the time being  airport removed from LH as per sales request"
