Index,data_point_name,99acres,Primary,Secondary,score
6554,Project Name,Newa Garden,Not available,Not available,
8044,Project Name,VKG Krishna Residences,KRISHNA RESIDENCES PHASE 1,VKG Krishna Residences,
8072,Project Name,Ruparel Ariana,Ruparel Ariana,Ruparel Ariana,
8130,Project Name,Paradise Sai Miracle,Not available,Sai Miracle,
8678,Project Name,Paradise Sai Riverdale,Not available,Sai Riverdale,
59796,Project Name,34 Park Estate,34 Park Estate,34 Park Estate,
70262,Project Name,Puraniks Aarambh,Aarambh - C,Aarambh by Puraniks,
86837,Project Name,Nahar Laurel and Lilac,Not available,Laurel and Lilac,
88315,Project Name,Ruparel Vivanza,RUPAREL VIVANZA,Ruparel Vivanza,
97522,Project Name,Delta Palm Beach,DELTA PALMBEACH,Not available,
379927,Project Name,Prescon Midtown Bay,Midtown Bay,MIRACLE BAY,
382996,Project Name,Regents Park Kharghar,Regents Park Kharghar,REGENTS PARK,
385201,Project Name,Ajmera Manhattan,AJMERA MANHATTAN BUILDING 3A AND 3B,Ajmera Manhattan,
403699,Project Name,Godrej Five Gardens,Godrej Five Gardens,Godrej Five Gardens,
410696,Project Name,Godrej Bliss,Godrej Bliss,Godrej Bliss,
410757,Project Name,Sairaj Balaji Vishant,Balaji Vishant,Balaji Vishant,
411231,Project Name,Sahakar Revanta,Sahakar Revanta,Sahakar Revanta,
414360,Project Name,Atharv Aaradhyam,ATHARV AARADHYAM,Atharv Aaradhyam,
414413,Project Name,Sri Artha Arthaya,Arthaya,Arthaya,
414637,Project Name,Lakshdeep Delight Heritage,Delight Heritage,Delight Heritage,
414638,Project Name,Fortune Florence,Fortune Florence,Fortune Florence,
415161,Project Name,Hiranandani Empress Hill,EMPRESS HILL A B C and D Wings,Empress Hill,
418615,Project Name,Edmont Aurelia,EDMONT - AURELIA,Edmont - Aurelia,
418790,Project Name,Shreeji Gateway,SHREEJI GATEWAY,Shreeji Gateway,
418968,Project Name,Queens Necklace,Metro Satyam Queens Necklace,QUEEN'S NECKLACE,
420851,Project Name,Suraj Lumina,SURAJ LUMINA,SURAJ LUMINA,
424154,Project Name,Ashapura Rang Rekha,RANG REKHA,Rang Rekha,
424444,Project Name,JP Codename Lottery,NORTH IMPERIAL GREENS -TOWER 2,Codename Lottery,
424907,Project Name,Arkade Eden,Arkade Eden,Arkade Eden,
425032,Project Name,Vaibhavlaxmi Queens Avenue,Queens Avenue,Queens Avenue,
425239,Project Name,Adityaraj Majestic,ADITYARAJ MAJESTIC,Adityaraj Majestic,
425244,Project Name,Bhoomi Serenity,"Bhoomi Serenity, Phase 1",Bhoomi Serenity,
425249,Project Name,Sai Vrindavan,SAI VRINDAVAN,Sai Vrindavan,
425274,Project Name,Sai Ayaana,AYAANA,Ayaana,
425713,Project Name,Primera at Kalpataru Parkcity,Primera,Kalpataru Park City,
425823,Project Name,Anchor Point,ANCHORPOINT AVIARA,Anchorpoint Malad,
425871,Project Name,Renaissance The Baya Sunrise,The Baya Sunrise,The Baya Sunrise,
426299,Project Name,Antariksh Alpha,Antariksh Alpha,Antariksh Alpha,
426532,Project Name,Saiyogi Sai Residency,Sai Residency,Not available,
426743,Project Name,Kamdhenu Grandeur,Kamdhenu Grandeur,Kamdhenu Grandeur,
426755,Project Name,Millennium Celesta,Millennium Celesta,Millennium Celesta,
426778,Project Name,Tricity Aura,Tricity Aura,Tricity Aura,
426806,Project Name,Mextech Miraya Divine,MIRAYA DIVINE,Miraya Divine,
426835,Project Name,Tricity Aspire,Tricity Aspire,Tricity Aspire,
427058,Project Name,JP Codename Starlife,Codename StarLife,Codename Starlife,
427471,Project Name,DGS Sheetal Kiara,SHEETAL KIARA,Sheetal Kiara,
427590,Project Name,Gurukrupa Dhyanam,GURUKRUPA DHYANAM,Gurukrupa Dhyanam,
428221,Project Name,Kabra Embraze,KABRA EMBRAZE,Kabra Embraze,
428351,Project Name,Shree Ram Krishna Garden,SHREE RAM KRISHNA GARDEN,Shree Ram Krishna Garden,
428361,Project Name,Sahakar Vogue77,VOGUE77,Vogue 77,
428407,Project Name,Sagar Soham Heights,Soham Heights,Soham Heights,
428416,Project Name,Shraddha Park City,Shraddha Park City,Park City,
428714,Project Name,Kalpataru Amare,Kalpataru Amare,Kalpataru Amare,
428718,Project Name,Rustomjee Ocean Vista,RUSTOMJEE OCEAN VISTA,Rustomjee Ocean Vista,
429180,Project Name,New Palm Beach,Celestria,New Palm Beach,
429182,Project Name,The Olympia,THE OLYMPIA,The Olympia,
429439,Project Name,Juhi Empressa,Juhi Empressa,Juhi Empressa,
429460,Project Name,Ruturaj Classic,RUTURAJ CLASSIC,Ruturaj Classic,
429486,Project Name,Claremont by Origin,ORIGIN CLAREMONT,Claremont,
429967,Project Name,Dosti Willow,DOSTI WEST COUNTY - PHASE 7 - DOSTI WILLOW,Dosti Willow,
430206,Project Name,Precious Majestic,PRECIOUS MAJESTIC,Precious Majestic,
430246,Project Name,Avianna Invicta,INVICTA,Invicta,
430268,Project Name,Raheja Lunaris,Raheja Lunaris-1 - Callisto,Raheja Lunaris,
430664,Project Name,PRANAMI BLISS,PRANAMI BLISS,Pranami Bliss,
430897,Project Name,Satra Nexus,SATRA NEXUS,SATRA NEXUS,
430928,Project Name,Zodiac Anjaneshwar,ZODIAC ANJANESHWAR,ZODIAC ANJANESHWAR,
430973,Project Name,Tricity Heritage,Tricity Heritage,Tricity Heritage,
431064,Project Name,Forest Hills at The Prestige City,Forest Hills Ph 1 at The Prestige City,Forest Hills,
431532,Project Name,Kalpataru Advay,Kalpataru Advay,Kalpataru Advay,
431693,Project Name,Arkade Vistas,Arkade Vistas,Arkade Vistas,
432448,Project Name,Arkade Rare,Arkade Rare,Arkade Rare,
433162,Project Name,Neelkamal Gokul,GOKUL,Gokul,
433352,Project Name,Satyam Seasons,SATYAM SEASONS,Satyam Seasons,
433630,Project Name,Arihant Avanti Palace,ARIHANT AVANTI,Avanti Palace,
433763,Project Name,7 Mahalaxmi,7 Mahalaxmi - Tower 1,7 Mahalaxmi,
433808,Project Name,Supreme Boulevard,Supreme Boulevard Chembur Wing B,Supreme Boulevard,
433863,Project Name,Kamdhenu Crown,Kamdhenu Crown,Kamdhenu Crown,
433951,Project Name,Dev DLH Dawn,DLH DAWN,Not Available,
434869,Project Name,Nagpal 99 Silver Oaks,99 SILVER OAKS,99 Silver Oaks,
435092,Project Name,Sanghvi Aria,Sanghvi Aria,Not Available,
435520,Project Name,Satyam Stella,Satyam Stella,Satyam Stella,
435543,Project Name,Embassy One Thane,Embassy One Thane,Embassy One,
435755,Project Name,Bharat Auravistas,BHARAT AURAVISTAS,Not available,
436877,Project Name,Sushanku Avenue 37,SUSHANKU AVENUE 37,37 Avenue,
437068,Project Name,Dream Meadows,Dream Meadows,Dream Meadows,
437137,Project Name,The Reserve by Platinum,Platinum The Reserve,Reserve,
437900,Project Name,EV 23 Malibu West,EV 23 MALIBU WEST,23 Malibu West,
437982,Project Name,Nova 10 Elegance,NOVA 10 ELEGANCE - PHASE 1,Nova 10 Elegance,
438068,Project Name,Majestic Exotica,Majestic Exotica,Majestic Exotica,
439902,Project Name,Delta Prestige,DELTA PRESTIGE,Delta Prestige,
440012,Project Name,Dream Paradise,Dream Paradise,Dream Paradise,
440605,Project Name,Roswalt Realty Raya,Raya,Raya,
440618,Project Name,Seabreeze at Godrej Bayview,Seabreeze at Godrej Bayview,Seabreeze at Godrej Bayview,
440647,Project Name,Giriraj Sapphire,Giriraj Sapphire,Giriraj Sapphire,
440650,Project Name,Satyam Surya Manhattan,Satyam Surya Manhattan,Not available,
441140,Project Name,AV Pearl,"AV PEARL BUILDING NO. 3, WING B",AV Pearl,
441521,Project Name,Purva Panorama,Purva Panorama Tower C,Purva Panorama,
441722,Project Name,Rustomjee Prive,Rustomjee Prive,Prive,
441743,Project Name,KS Dhananjay Hill View,DHANANJAY HILL VIEW-I,DHANANJAY,
417193,Project Name,Siya Vishwaraja,Vishwaraja,Vishwaraja,
6554,Builder Name,Newa Developers,Not available,Not available,
8044,Builder Name,Vijay Khetan Group,Vijay Khetan Group,Krishna Developers Pvt. Ltd,
8072,Builder Name,Ruparel Realty,Ruparel Realty,SHREE SUKHAKARTA DEVELOPERS PVT.LTD.,
8130,Builder Name,Paradise Group,Paradise Group,Not available,
8678,Builder Name,Paradise Group,Paradise Group,Not available,
59796,Builder Name,Chandak Group,Chandak,M/S REDDY BUILDERS & DEVELOPERS,
70262,Builder Name,Puraniks,Puraniks,M/s. Annapurna Lifespaces LLP,
86837,Builder Name,Nahar Group,Nahar Enterprises,Not available,
88315,Builder Name,Ruparel Realty,Ruparel Realty,R R Builders,
97522,Builder Name,Delta Group,Not available,BALAJI CORPORATION,
379927,Builder Name,Prescon Realtors And Infrastructures Builders,PRESCON GROUP,Rising Sun Impex Private Limited,
382996,Builder Name,Metro Group Builders,METRO GROUP & SATYAM DEVELOPERS,METRO SATYAM DEVELOPERS,
385201,Builder Name,Ajmera Group,AJMERA GROUP,AJMERA REALTY AND INFRA INDIA LTD,
403699,Builder Name,Godrej Properties Limited,Godrej Properties Development Limited (GPDL) in association with Neelkamal Land Developers Private Limited (Salsette),Godrej Projects Development Ltd.,
410696,Builder Name,Godrej Properties Limited,Godrej Properties,SHIVAM DEVELOPERS,
410757,Builder Name,Sairaj Builders Dombivli,SS Lifespaces,Sairaj Builders,
411231,Builder Name,Sahakar Builders And Developers,Sahakar Group,SAHAKAR BUILDERS & DEVELOPERS,
414360,Builder Name,Atharv Infra LLP,Atharv,Atharv Infra LLP,
414413,Builder Name,Sri Artha Buildtech,Sri Artha Buildtech Pvt. Ltd.,SRI ARTHA BUILDTECH PRIVATE LIMITED,
414637,Builder Name,Tirupati Group Mumbai,Lakshdeep Group & Tirupati Group,Lakshdeep Developer LLP,
414638,Builder Name,Fortune Acres,Fortune Group,Fortune Acres Private Limited,
