Index,data_point_name,99acres,C1,C2,C3,,,,,,,
430588,Amenities Count,48,25,48,26,,,,,,,
432470,Amenities Count,37,30,33,35,,,,,,,
298821,Amenities Count,41,49,65,36,,,,,,,
410631,Amenities Count,99,26,84,42,,,,,,,
418319,Amenities Count,49,7,50,36,,,,,,,
348347,Amenities Count,52,10,65,23,,,,,,,
387255,Amenities Count,40,15,28,36,,,,,,,
272653,Amenities Count,54,8,56,Not Available,,,,,,,
334709,Amenities Count,43,10,49,39,,,,,,,
431965,Amenities Count,25,Not available,14,34,,,,,,,
431964,Amenities Count,25,Not available,23,27,,,,,,,
425268,Amenities Count,23,30,23,25,,,,,,,
394731,Amenities Count,30,45,41,27,,,,,,,
88315,Amenities Count,36,15,32,41,,,,,,,
370898,Amenities Count,44,7,43,39,,,,,,,
430588,Avg Price psft,13351.5,11700,11.51 K - ?13.23 K,"13,500",,,,,,,
432470,Avg Price psft,12128.5, 7012,10.1 K,Not Available,,,,,,,
298821,Avg Price psft,36198,16938,Not Available,Not Available,,,,,,,
410631,Avg Price psft,25531,15600,22.65 K - ?24.26 K,Not Available,,,,,,,
418319,Avg Price psft,12600,Rs 8490,10.77 K/sq.ft,Not Available,,,,,,,
348347,Avg Price psft,27812,? 17045,?25.31 K/sq.ft,"?26,097 Per Sq. Ft",,,,,,,
387255,Avg Price psft,60970,21000,39.26 K/sq.ft,Not Available,,,,,,,
272653,Avg Price psft,32211.5,22400,Not Available,Not Available,,,,,,,
334709,Avg Price psft,31165,17536,?28.01 K/sq.ft,"?44,960 Per Sq. Ft",,,,,,,
431965,Avg Price psft,39802.5,9277,40.71 K - 50.04 K/sq.ft,"11,500 Per Sq. Ft",,,,,,,
431964,Avg Price psft,39802.5,20700,39.29 K/sq.ft,"23,000 Per Sq. Ft",,,,,,,
425268,Avg Price psft,0,15487,16.21 K - ?28.43 K/sq.ft,Not available,,,,,,,
394731,Avg Price psft,48675,? 28493,?45.75 K/sq.ft,41700/Sq.Ft,,,,,,,
88315,Avg Price psft,38438,Rs 23100,37.58 K - 41.99 K/sq.ft,Not Available,,,,,,,
370898,Avg Price psft,17433,Not Available,?16.94 K/sq.ft,"?12,343 Per Sq. Ft",,,,,,,
430588,Avg Price psft Type,13351.5,11700,11.51 K - ?13.23 K,"13,500",,,,,,,
432470,Avg Price psft Type,12128.5, 7012,10.1 K,Not Available,,,,,,,
298821,Avg Price psft Type,36198,16938,Not Available,Not Available,,,,,,,
410631,Avg Price psft Type,25531,15600,22.65 K - ?24.26 K,Not Available,,,,,,,
418319,Avg Price psft Type,12600,Rs 8490,10.77 K/sq.ft,Not Available,,,,,,,
348347,Avg Price psft Type,27812,? 17045,?25.31 K/sq.ft,"?26,097 Per Sq. Ft",,,,,,,
387255,Avg Price psft Type,60970,21000,39.26 K/sq.ft,Not Available,,,,,,,
272653,Avg Price psft Type,32211.5,22400,Not Available,Not Available,,,,,,,
334709,Avg Price psft Type,31165,17536,?28.01 K/sq.ft,"?44,960 Per Sq. Ft",,,,,,,
431965,Avg Price psft Type,39802.5,9277,40.71 K - 50.04 K/sq.ft,"11,500 Per Sq. Ft",,,,,,,
431964,Avg Price psft Type,39802.5,20700,39.29 K/sq.ft,"23,000 Per Sq. Ft",,,,,,,
425268,Avg Price psft Type,0,15487,16.21 K - ?28.43 K/sq.ft,Not available,,,,,,,
394731,Avg Price psft Type,48675,? 28493,?45.75 K/sq.ft,41700/Sq.Ft,,,,,,,
88315,Avg Price psft Type,38438,Rs 23100,37.58 K - 41.99 K/sq.ft,Not Available,,,,,,,
370898,Avg Price psft Type,17433,Not Available,?16.94 K/sq.ft,"?12,343 Per Sq. Ft",,,,,,,
430588,Builder Established Date,19 yrs,40 Years Experience,1983,Not Available,,,,,,,
432470,Builder Established Date,30 yrs,30 Years Experience,1995,24 years,,,,,,,
298821,Builder Established Date,56 yrs,56 Years Experience,1969,50 Years,,,,,,,
410631,Builder Established Date,15 yrs,37 Years Experience,2010,12 Years,,,,,,,
418319,Builder Established Date,39 yrs,39+ years,Not Available,Not Available,,,,,,,
348347,Builder Established Date,56 yrs,56,1969,50,,,,,,,
387255,Builder Established Date,14 yrs,41,2011,Not Available,,,,,,,
272653,Builder Established Date,14 yrs,41,2011,Not Available,,,,,,,
334709,Builder Established Date,47 yrs,47,1978,41,,,,,,,
431965,Builder Established Date,35 yrs,23 years,1995,24 years,,,,,,,
431964,Builder Established Date,35 yrs,35 years,1990,29 years,,,,,,,
425268,Builder Established Date,35 yrs,35 years,Not available,29 years,,,,,,,
394731,Builder Established Date,14 yrs,41 Years Experience,2011,2011,,,,,,,
88315,Builder Established Date,25 yrs,Not Available,2000,19 Years Experience,,,,,,,
370898,Builder Established Date,35 yrs,35 Years Experience,1990,29 Years,,,,,,,
430588,Builder Name,CRC HOMES PVT LTD,Gaurs Group,GAURS GROUP,Gaurs,,,,,,,
432470,Builder Name,Mahagun Group,Mahagun Group,Mahagun Group,Mahagun,,,,,,,
298821,Builder Name,Kalpataru Limited,Gaurs Group,GAURS GROUP,Gaurs,,,,,,,
410631,Builder Name,M3M India,M3M India Pvt. Ltd.,M3M INDIA PVT. LTD.,M3M,,,,,,,
418319,Builder Name,Brigade Group,Brigade Group,Brigade Enterprises Ltd,Brigade,,,,,,,
348347,Builder Name,Kalpataru Ltd.,Kalpataru Ltd.,Kalpataru Group,Kalpataru Group,,,,,,,
387255,Builder Name,Larsen and Toubro - Realty Division,L & T Realty,L&T Realty, L&T Realty,,,,,,,
272653,Builder Name,L & T Realty,L & T Realty,L&T Realty,Not Available,,,,,,,
334709,Builder Name,Runwal Group,Runwal Group, Runwal Group,Runwal group,,,,,,,
431965,Builder Name,Godrej Properties Limited,Gaurs Group,Gaurs Group,Gaurs,,,,,,,
431964,Builder Name,Godrej Properties Limited,Godrej Properties,Godrej Properties Ltd.,Godrej,,,,,,,
425268,Builder Name,Godrej Properties Limited,Godrej Properties,GODREJ PROPERTIES LIMITED,Godrej,,,,,,,
394731,Builder Name,Larsen and Toubro,L & T Realty,L&T Realty,LT Realty Limited,,,,,,,
88315,Builder Name,Ruparel Realty,Ruparel Realty,RUPAREL REALTY,Ruparel,,,,,,,
370898,Builder Name,Godrej Properties Limited,Godrej Properties,Godrej Properties Ltd.,Godrej,,,,,,,
430588,Builder Project Count,5 projects,4,7,5,,,,,,,
432470,Builder Project Count,28 projects,58,40,39,,,,,,,
298821,Builder Project Count,101 projects,149,183,180,,,,,,,
410631,Builder Project Count,32 projects,66,61,54,,,,,,,
418319,Builder Project Count,116 Projects,36,4,149,,,,,,,
348347,Builder Project Count,101 projects,149,183,180,,,,,,,
387255,Builder Project Count,20 projects,24,61,39,,,,,,,
272653,Builder Project Count,20 projects,24,61,Not Available,,,,,,,
334709,Builder Project Count,53 projects,144,38,138,,,,,,,
431965,Builder Project Count,179 projects,60,81,85,,,,,,,
431964,Builder Project Count,179 projects,249,302,216,,,,,,,
425268,Builder Project Count,179 projects,249,2,216,,,,,,,
394731,Builder Project Count,1 project,24,61,39,,,,,,,
88315,Builder Project Count,25 projects,30,27,45,,,,,,,
370898,Builder Project Count,179 projects,249,302,216,,,,,,,
430588,Completion Date,"Possession will start from May, 2029",4/1/2030,"Apr, 2030",Ask for Details,,,,,,,
432470,Completion Date,"Possession will start from Apr, 2029",4/1/2029,"Apr, 2029",Not Available,,,,,,,
298821,Completion Date,"Possession will start from Jun, 2025",4/1/2030,"Apr, 2030",Ask for Details,,,,,,,
410631,Completion Date,"Possession will start from Apr, 2028",4/1/2028,"Apr, 2028",Ask for Details,,,,,,,
418319,Completion Date,"Possession will start from Dec, 2028",12/1/2028,"Dec, 2028",Not Available,,,,,,,
348347,Completion Date,"Possession will start from Sep, 2028",9/1/2026,"Sep, 2026",Not Available,,,,,,,
387255,Completion Date,"Possession will start from Jun, 2025",6/1/2025,"Dec, 2025",Not Available,,,,,,,
272653,Completion Date,"Possession will start from Dec, 2026",12/1/2026,"Jun, 2027",Not Available,,,,,,,
334709,Completion Date,"Possession will start from Jun, 2027",6/1/2027,"Jun, 2027",Not Available,,,,,,,
431965,Completion Date,"Possession will start from Sep, 2029",Aug'29,"Aug, 2029",Not available,,,,,,,
431964,Completion Date,"Possession will start from Sep, 2029",Sep'29,"Sep, 2029",Not available,,,,,,,
425268,Completion Date,"Possession will start from Dec, 2028",Dec'28,"Dec, 2028",Not available,,,,,,,
394731,Completion Date,"Possession will start from Aug, 2028",Aug'28,"Dec, 2028",31-08-2028,,,,,,,
88315,Completion Date,"Possession will start from Mar, 2027",1-Mar-27,"Nov, 2027",Not Available,,,,,,,
370898,Completion Date,"Possession will start from Apr, 2026",Dec'26,"Dec, 2026","30-04-2026, 31-12-2026, 31-05-2029",,,,,,,
430588,Configs,"3, 4 BHK Apartment","4,5 BHK Flats","4, 5 BHK Apartments","4, 5 BHK Flats",,,,,,,
432470,Configs,"3, 4 BHK Apartment","3,4 BHK ","3, 4 BHK","3, 4 BHK ",,,,,,,
298821,Configs,"3, 4 BHK Apartment","4,5 BHK Flats","4, 5 BHK Apartments","4, 5 BHK Flats",,,,,,,
410631,Configs,"3, 4, 5 BHK Apartment","3,4,5 BHK","3, 4, 5 BHK Apartments","3, 4, 5 BHK Flats",,,,,,,
418319,Configs,"1, 3, 4 BHK Apartment","3,4 BHK Flats","3, 4 BHK Apartments","1, 3, 4 BHK",,,,,,,
348347,Configs,"3, 4 BHK Apartment | 1 RK Studio Apartment","1,2,3,4,5 BHK Flats",3 BHK Apartment,"1, 2, 3 BHK Flats",,,,,,,
387255,Configs,"2, 3, 4 BHK Apartment","1,2,3,4 BHK Flats","2, 3 BHK Apartments","2, 3, 4 BHK Flats",,,,,,,
272653,Configs,"1, 2 BHK Apartment | 1 RK Studio Apartment","1,2,3,4 BHK Flats , Studio Apartment","1, 2 BHK Apartments",Not Available,,,,,,,
334709,Configs,"1, 2, 3 BHK Apartment | 1 RK Studio Apartment","1,2,3 BHK Flats , Studio Apartment","1 RK, Studio, 1, 2, 3 BHK Studio Apartment,Apartments","1, 2, 3 BHK Flats",,,,,,,
431965,Configs,"3, 4 BHK Apartment",4 bhk,4 bhk,4 bhk,,,,,,,
431964,Configs,"3, 4 BHK Apartment","3,4 BHK ","3, 4, 4.5 BHK","3, 4 BHK",,,,,,,
425268,Configs,"2, 3, 4 BHK Apartment","2,3,4 BHK","2, 3, 4 BHK","3, 4 BHK",,,,,,,
394731,Configs,"2, 3 BHK Apartment","2,3 BHK Flats","2, 3 BHK Apartments","2, 3 BHK Flats",,,,,,,
88315,Configs,"2, 3 BHK Apartment","1 BHK, 2 BHK, 3 BHK","2, 3 BHK Apartments","1 BHK, 2 BHK, 3 BHK",,,,,,,
370898,Configs,"1, 2, 3 BHK Apartment","1,2,3 BHK Flats","1, 2, 3 BHK Apartments","1, 2, 3 BHK Flats",,,,,,,
430588,Photos,51,18,27,11,,,,,,,
432470,Photos,28,9,20,16,,,,,,,
298821,Photos,32,23,27,26,,,,,,,
410631,Photos,46,20,30,27,,,,,,,
418319,Photos,16,46,26,15,,,,,,,
348347,Photos,21,6,10,3,,,,,,,
387255,Photos,22,9,17,17,,,,,,,
272653,Photos,35,6,22,Not Available,,,,,,,
334709,Photos,31,10,19,22,,,,,,,
431965,Photos,29,11,19,22,,,,,,,
431964,Photos,29,5,17,5,,,,,,,
425268,Photos,23,6,19,5,,,,,,,
394731,Photos,23,50,20,22,,,,,,,
88315,Photos,29,24 Photos,48,35,,,,,,,
370898,Photos,28,8,23,22,,,,,,,
430588,Possession Status,Under Construction,Under Construction,Not Available,Under Construction,,,,,,,
432470,Possession Status,New Launch,Under Construction,Not Available,New Launch,,,,,,,
298821,Possession Status,Under Construction,Under Construction,Not Available,Under Construction,,,,,,,
410631,Possession Status,Under Construction,Under Construction,Not Available,Under Construction,,,,,,,
418319,Possession Status,Under Construction,Under Construction,Not Available,Under Construction,,,,,,,
348347,Possession Status,Under Construction,Under Construction,Not Available,Under Construction,,,,,,,
387255,Possession Status,Under Construction,Under Construction,Not Available,Under Construction,,,,,,,
272653,Possession Status,Under Construction,Under Construction,Not Available,Not Available,,,,,,,
334709,Possession Status,Under Construction,Under Construction,Not Available,Under Construction,,,,,,,
431965,Possession Status,Under Construction,Under Construction,Under Construction,New Launch,,,,,,,
431964,Possession Status,Under Construction,Under Construction,Under Construction,New Launch,,,,,,,
425268,Possession Status,Under Construction,Under Construction,Not Available,Under Construction,,,,,,,
394731,Possession Status,New Launch,Under Construction,Under Construction,Under Construction,,,,,,,
88315,Possession Status,Under Construction,Under Construction,Not Available,Under Construction,,,,,,,
370898,Possession Status,Under Construction,Under Construction,Under Construction,Under Construction,,,,,,,
430588,Price Range,2.28 - 3.63 Cr,2.0 Cr - ? 3.63 Cr,2.27 Cr - 3.1 Cr,2.32 Cr - 3.58 Cr,,,,,,,
432470,Price Range,1.99 - 3.14 Cr,2.12 Cr - ? 3.33 Cr,2.04 Cr - 3.21 Cr,2.15 Cr - 3.40 Cr,,,,,,,
298821,Price Range,6.47 - 8.9 Cr,3.08 Cr - ? 7.76 Cr,5.42 Cr - 7.17 Cr,6.02 Cr - 7.88 Cr,,,,,,,
410631,Price Range,8.8 - 17.11 Cr,6.72 Cr - ? 12.81 Cr,7.76 Cr - 14.09 Cr,68.25 Lac - 18.65 Cr,,,,,,,
418319,Price Range,3.14 Cr,2.79 Cr,1.53 Cr - 2.68 Cr,Rs81.30 Lac - 3.09 Cr,,,,,,,
348347,Price Range,1.03 - 5.46 Cr,? 2.67 Cr - ? 5.74 Cr,2.59 Cr - 3.33 Cr,?1.36 Cr - 3.33 Cr,,,,,,,
387255,Price Range,3.85 - 13.83 Cr,? 3.07 Cr - ? 8.62 Cr,2.48 Cr - 4.44 Cr,?2.58 Cr - 9.94 Cr,,,,,,,
272653,Price Range,2.69 Cr,? 61.0 Lac - ? 3.90 Cr,64.18 L - 1.55 Cr,Not Available,,,,,,,
334709,Price Range,79.45 L - 3.13 Cr,? 1.18 Cr - ? 3.22 Cr,63.64 L - 2.81 Cr,?1.50 Cr - 3.22 Cr,,,,,,,
431965,Price Range,9.44 - 15.35 Cr,2.05 Cr - ? 4.63 Cr,4.32 Cr - 10.4 Cr,?2.54 Cr - 5.75 Cr,,,,,,,
431964,Price Range,9.44 - 15.35 Cr,4.47 Cr - ? 14.53 Cr,5.76 Cr - 11.72 Cr,6.21 Cr - 8.51 Cr,,,,,,,
425268,Price Range,1.83 - 9.66 Cr,2.80 Cr - ? 5.52 Cr,2.36 Cr - 2.78 Cr,?3.55 Cr - 6.50 Cr,,,,,,,
394731,Price Range,3.03 - 5.44 Cr,? 2.71 Cr - ? 5.50 Cr,?3.18 Cr - 5.58 Cr,?2.80 Cr - 6.20 Cr,,,,,,,
88315,Price Range,3.46 - 8.31 Cr,Rs 1.62 Cr - Rs 4.34 Cr,2.45 Cr - 4.59 Cr,Rs1.59 Cr - 3.99 Cr,,,,,,,
370898,Price Range,56.9 L - 1.94 Cr,Not available,?70.09 L - 1.8 Cr,?54.99 Lac - 1.39 Cr,,,,,,,
430588,Project Address,"Sector 1 Greater Noida West , Greater Noida","Jaypee Greens, Greater Noida","Plot No B-11, Jaypee Greens, Pari Chowk, Alpha 2, Greater Noida","Jaypee Greens, Greater Noida",,,,,,,
432470,Project Address,"Sector-12 , Greater Noida","Sector 12, Greater Noida","Sector 12, Greater Noida","Sector 12 Greater Noida, Greater Noida",,,,,,,
298821,Project Address,"Sector 128 , Noida","Jaypee Greens, Greater Noida","Plot No B-11, Jaypee Greens, Pari Chowk, Alpha 2, Greater Noida","Jaypee Greens, Greater Noida",,,,,,,
410631,Project Address,"Sector 94 , Noida","Sector 94, Noida","Sector 94, Noida-Greater Noida Expressway, Noida","Sector 94, Noida",,,,,,,
418319,Project Address,Chikkavaderapura,"Sarjapur Road, Bangalore","Opp Muneswara Swami Temple Chikkavaderapura, Dommasandra, Bangalore East , Thigala Chowdadenahalli","Sarjapur Road, Bangalore",,,,,,,
348347,Project Address,"Mulund West , Central Mumbai","Mulund West, Mumbai","LBS Road, Opp. Friends Academy School, Central Mumbai Suburbs, Mumbai","Mulund West, Mumbai",,,,,,,
387255,Project Address,"Powai , Central Mumbai","Powai, Mumbai","Kurla, Powai, Central Mumbai Suburbs, Mumbai","Powai, Mumbai",,,,,,,
272653,Project Address,"Ghatkopar East , Central Mumbai","Ghatkopar East, Mumbai","Ghatkopar East, Central Mumbai Suburbs, Mumbai",Not Available,,,,,,,
334709,Project Address,"Mulund West , Central Mumbai","Mulund West, Mumbai","Goregaon Mulund Link Road, Mulund West, Central Mumbai Suburbs, Mumbai","Mulund West, Mumbai",,,,,,,
431965,Project Address,"Sector 44 , Noida","Wave City, Ghaziabad","Wave City, NH 24, NH - 24 Ghaziabad, Ghaziabad","Sector 3 Wave City, Ghaziabad",,,,,,,
431964,Project Address,"Sector 44 , Noida","Sector 44, Noida","Sector 44, Noida","Sector 44, Noida",,,,,,,
425268,Project Address,"Sector 146 , Noida","Sector 146, Noida","Plot No. GH-01B, Sector-146, Noida-Greater Noida Expressway, Jhatta","Sector 146, Noida",,,,,,,
394731,Project Address,"Mahim West , Mumbai South","Mahim, Mumbai","Plot No 1500 Part, Mahim, Western Suburbs, Mumbai","Mahim, Mumbai",,,,,,,
88315,Project Address,"Byculla , Mumbai South","Byculla East, Mumbai","Harish Arjun Palay Marg, New Patra Chawl, Dhaku Prabhuchi Wadi, Byculla East, Byculla, Central Mumbai Suburbs, Mumbai","Byculla, Mumbai",,,,,,,
370898,Project Address,"Panvel , Navi Mumbai","Panvel, Navi Mumbai","Old Mumbai Pune Highway, Khanawale, Panvel, Navi Mumbai","Poyanje, Navi Mumbai",,,,,,,
430588,Project Area,3.64 acres,9018 Sq-m,2.22 Acres,2.5 Acres,,,,,,,
432470,Project Area,7.41 acres,7 acre,7.41 Acres (65% open),7.41 acres,,,,,,,
298821,Project Area,2.69 acres,9018 Sq-m,2.22 Acres,2.5 Acres,,,,,,,
410631,Project Area,11.42 acres,12 Acre,12.8 Acres,11.42 Acres,,,,,,,
418319,Project Area,14.924918 acres,14 Acre,14 Acres,14 Acres,,,,,,,
348347,Project Area,3.79 acres,4 Acre,3.79 Acres,3.79 Acres,,,,,,,
387255,Project Area,1.69 acres,10454 Sq-ft,0.24 Acres,60 Acres,,,,,,,
272653,Project Area,0.98 acres,3 Acre,2.65 Acres,Not Available,,,,,,,
334709,Project Area,1.21 acres,1 Acre,1.5 Acres,1.21 Acres,,,,,,,
431965,Project Area,6.46 acres,Not available,11.79 Acres,11.8 Acres,,,,,,,
431964,Project Area,6.46 acres,Not available,6.45 Acres,6.5 Acres,,,,,,,
425268,Project Area,6.18 acres,6 Acre,Not Available,6.18 Acres,,,,,,,
394731,Project Area,1.57 acres,2 Acre,0.61 acres,2.5 acres,,,,,,,
88315,Project Area,2.27 acres,3 Acre,3 Acres,3 Acres,,,,,,,
370898,Project Area,106.66 acres,42 Hectare,10.12 acres,103 Acres,,,,,,,
430588,Project Name,CRC Maesta,CRC Maesta,CRC Maesta,CRC Maesta,,,,,,,
432470,Project Name,Mahagun My Laagoon,Mahagun My Laagoon,Mahagun My Laagoon Phase 1,Mahagun My Laagoon,,,,,,,
298821,Project Name,Kalpataru Vista,Kalpataru Vista,Kalpataru Vista,Kalpataru Vista,,,,,,,
410631,Project Name,M3M The Cullinan,M3M The Cullinan,M3M The Cullinan,M3M The Cullinan,,,,,,,
418319,Project Name,Brigade Sanctuary,Brigade Sanctuary,Brigade Sanctuary,Brigade Sanctuary,,,,,,,
348347,Project Name,Kalpataru Elitus,Kalpataru Elitus,Kalpataru Elitus,Kalpataru Elitus,,,,,,,
387255,Project Name,L and T Elixir Reserve,L&T Elixir Reserve,L And T Elixir Reserve,LnT Elixir Reserve,,,,,,,
272653,Project Name,LnT Zen at 77 Crossroads,Zen 77 Crossroads by L & T Realty,77 Crossroads,Not Available,,,,,,,
334709,Project Name,Runwal Pinnacle,Runwal Pinnacle,Runwal Pinnacle,Runwal Pinnacle,,,,,,,
431965,Project Name,Godrej Riverine,Gaur NYC Residences,Gaursons NYC Residencies,Gaur NYC Residences,,,,,,,
431964,Project Name,Godrej Riverine,Godrej Riverine,Godrej Riverine,Godrej Riverine,,,,,,,
425268,Project Name,Godrej Jardinia,Godrej Jardinia,Godrej Jardinia,Godrej Jardinia,,,,,,,
394731,Project Name,L and T Island Cove,L and T Island Cove,L And T Island Cove,LnT Island Cove,,,,,,,
88315,Project Name,Ruparel Vivanza,Ruparel Vivanza,RUPAREL VIVANZA,Ruparel Vivanza,,,,,,,
370898,Project Name,The Highlands Godrej City,The Highlands Godrej City,The Highlands Godrej City,Godrej The Highlands,,,,,,,
430588,Project Size - Tower Count,5,9,9 Buildings,Not Available,,,,,,,
432470,Project Size - Tower Count,7,6,7,Not available,,,,,,,
298821,Project Size - Tower Count,2,9,9 Buildings,Not Available,,,,,,,
410631,Project Size - Tower Count,5,5,5 Buildings,Not Available,,,,,,,
418319,Project Size - Tower Count,8,8,8,Not Available,,,,,,,
348347,Project Size - Tower Count,3,3,1,Not Available,,,,,,,
387255,Project Size - Tower Count,7,6,1 Building,Not Available,,,,,,,
272653,Project Size - Tower Count,6,3,Not Available,Not Available,,,,,,,
334709,Project Size - Tower Count,5,5,5 Buildings,Not Available,,,,,,,
431965,Project Size - Tower Count,4,Not available,10,Not available,,,,,,,
431964,Project Size - Tower Count,4,Not available,1,Not available,,,,,,,
425268,Project Size - Tower Count,5,5,5 Buildings,Not Available,,,,,,,
394731,Project Size - Tower Count,2,2,1,1,,,,,,,
88315,Project Size - Tower Count,1,1,1,Not Available,,,,,,,
370898,Project Size - Tower Count,7,7,1,Not Available,,,,,,,
430588,Project Size - Unit Count,358,506,506 units,549 units,,,,,,,
432470,Project Size - Unit Count,712,712,688,712,,,,,,,
298821,Project Size - Unit Count,248,506,506 units,549 units,,,,,,,
410631,Project Size - Unit Count,374,374,374 units,2281 units,,,,,,,
418319,Project Size - Unit Count,1275,1275,1275,1275 units,,,,,,,
348347,Project Size - Unit Count,586,587,587 units,620,,,,,,,
387255,Project Size - Unit Count,1062,300,190 units,1061,,,,,,,
272653,Project Size - Unit Count,1653,978,1653 units,Not Available,,,,,,,
334709,Project Size - Unit Count,1107,1107,1190 units,1107,,,,,,,
431965,Project Size - Unit Count,416,Not available,1162 ,1163,,,,,,,
431964,Project Size - Unit Count,416,Not available,276,416,,,,,,,
425268,Project Size - Unit Count,350,720,350,700,,,,,,,
394731,Project Size - Unit Count,460,490,172,490,,,,,,,
88315,Project Size - Unit Count,662,619,175,662 units,,,,,,,
370898,Project Size - Unit Count,2095,292,2095 units,1768,,,,,,,
430588,Property Type,Apartment,Flat,"4, 5 BHK Apartments","4, 5 BHK Flats",,,,,,,
432470,Property Type,Apartment,Flats,Apartments,Flats,,,,,,,
298821,Property Type,Apartment,Flat,"4, 5 BHK Apartments","4, 5 BHK Flats",,,,,,,
410631,Property Type,Apartment,Flats,Apartment,Flats,,,,,,,
418319,Property Type,Apartment,Flat,"3, 4 BHK Apartments","1, 3, 4 BHK Flats",,,,,,,
348347,Property Type,0,Flats,3 BHK Apartment,"1, 2, 3 BHK Flats",,,,,,,
387255,Property Type,Apartment,"1,2,3,4 BHK Flats","2, 3 BHK Apartments","2, 3, 4 BHK Flats",,,,,,,
272653,Property Type,"Apartment, Studio Apartment","Flat, Studio Apartment","1, 2 BHK Apartments",Not Available,,,,,,,
334709,Property Type,0,"1,2,3 BHK Flats , Studio Apartment","1 RK, Studio, 1, 2, 3 BHK Studio Apartment,Apartments","1, 2, 3 BHK Flats",,,,,,,
431965,Property Type,Apartment,Apartment,Apartments,Apartment,,,,,,,
431964,Property Type,Apartment,Apartment,Apartment,Apartment,,,,,,,
425268,Property Type,Apartment,Apartment,Apartment,Apartment,,,,,,,
394731,Property Type,Apartment,"2,3 BHK Flats","2, 3 BHK Apartments","2, 3 BHK Flats",,,,,,,
88315,Property Type,Apartment,Flat,"2, 3 BHK Apartments","1, 2, 3 BHK Flats",,,,,,,
370898,Property Type,NA,"1,2,3 BHK Flats","1, 2, 3 BHK Apartments","1, 2, 3 BHK Flats",,,,,,,
430588,RERA,UPRERAPRJ724518/07/2024,UPRERAPRJ734569,UPRERAPRJ734569,UPRERAPRJ734569,,,,,,,
432470,RERA,UPRERAPRJ999197/09/2024,UPRERAPRJ999197/09/2024|-1,UPRERAPRJ999197/09/2024,UPRERAPRJ999197,,,,,,,
298821,RERA,UPRERAPRJ14980,UPRERAPRJ734569,UPRERAPRJ734569,UPRERAPRJ734569,,,,,,,
410631,RERA,UPRERAPRJ442214,UPRERAPRJ442214,UPRERAPRJ442214,UPRERAPRJ442214,,,,,,,
418319,RERA,PRM/KA/RERA/1251/446/PR/041123/006372,PRM/KA/RERA/1251/446/PR/041123/006372,PRM/KA/RERA/1251/446/PR/041123/006372,PRM/KA/RERA/1251/446/PR/041123/006372,,,,,,,
348347,RERA,P51800023840,P51800023840|09/2027,P51800023840,P51800023840,,,,,,,
387255,RERA,"P51800033618, P51800033984, P51800034053, P51800055488, P51800055625, P51800055830, P51800055987, PR1180002500072","P51800033618, P51800033984, P51800034053","P51800033618, P51800033984","P51800055987, P51800055625, PR1180002500072, P51800033618, P51800055488",,,,,,,
272653,RERA,"P51800003201, P51800003446, P51800004566, P51800005456, P51800006139, P51800006239","P51800003201|-1,P51800003446|12/2026,P51800004566|-1,P51800004566|-1,P51800005456|-1,P51800006139|-1,P51800006239|-1","P51800004566, P51800005456, P51800003446, P51800006139, P51800006239, P51800003201",Not Available,,,,,,,
334709,RERA,P51800021322,P51800021322,P51800021322,P51800021322,,,,,,,
431965,RERA,UPRERAPRJ763929/11/2024,UPRERAPRJ188811/08/2024,UPRERAPRJ188811/08/2024,UPRERAPRJ188811,,,,,,,
431964,RERA,UPRERAPRJ763929/11/2024,UPRERAPRJ763929/11/2024,UPRERAPRJ763929/11/2024,UPRERAPRJ763929,,,,,,,
425268,RERA,UPRERAPRJ288309/04/2024,UPRERAPRJ288309/04/2024,UPRERAPRJ288309/04/2024,UPRERAPRJ288309,,,,,,,
394731,RERA,P51900046369,P51900046369,P51900046369,P51900046369,,,,,,,
88315,RERA,P51900003595,P51900003595|06/2025,P51900003595,P51900003595,,,,,,,
370898,RERA,"P52000026790, P52000030367, P52000049669, P52000052251, P52000056268",P52000026790 / P52000030367,"P52000049669, P52000030367, P52000026790, P52000052251","P52000026790, P52000030367, P52000049669",,,,,,,
430588,Review Count,0,Not Available,Not Available,Not Available,,,,,,,
432470,Review Count,0,Not Available,Not Available,5,,,,,,,
298821,Review Count,0,8,5,Not Available,,,,,,,
410631,Review Count,0,2,5,5,,,,,,,
418319,Review Count,Not available,1,Not Available,5 Ratings,,,,,,,
348347,Review Count,0,3,39,6,,,,,,,
387255,Review Count,0,4,144,5,,,,,,,
272653,Review Count,0,111,15,Not Available,,,,,,,
334709,Review Count,0,15,34,5,,,,,,,
431965,Review Count,0,Not available,Not available,5,,,,,,,
431964,Review Count,0,Not available,Not available,5,,,,,,,
425268,Review Count,0,Not available,Not available,5,,,,,,,
394731,Review Count,Not Available,Not Available,Not Available,5,,,,,,,
88315,Review Count,Not available,1,19,5 Ratings,,,,,,,
370898,Review Count,Not Available,3,Not Available,5,,,,,,,
418319,Videos,3,10,1,2,,,,,,,
348347,Videos,0,4,1,1,,,,,,,
387255,Videos,3,3,1,2,,,,,,,
272653,Videos,3,4,1,Not Available,,,,,,,
334709,Videos,0,3,1,2,,,,,,,
394731,Videos,2,3,1,1,,,,,,,
430588,Videos ,3,1,0,1,,,,,,,
432470,Videos ,3,0,1,1,,,,,,,
298821,Videos ,3,12,1,1,,,,,,,
410631,Videos ,3,5,1,1,,,,,,,
431965,Videos ,3,Not available,1,2,,,,,,,
431964,Videos ,3,0,1,1,,,,,,,
425268,Videos ,3,1,1,2,,,,,,,
88315,Videos ,2,1,1,2,,,,,,,
370898,Videos ,Not Available,5,1,1,,,,,,,
